repID_ts,Year,Browsers,Grazers,Scrapers,Predators,SecConsumers,Coral,Macro,Other,Turf,CCA,Lat,Long
9,2006,6.909779183,12.47542504,2.414797507,17.77391306,52.48566936,56.86274509,0,37.25490196,5.882352941,0,19.0383,-155.8826
9,2008,2.4911666,7.581769574,0,5.43733931,31.80155516,39.22188317,9.840889276,9.426765474,26.95074106,14.55972102,19.0383,-155.8826
9,2010,10.00805369,22.57234082,3.158097911,1.751487132,14.81740704,15.98639458,8.163265302,5.102040811,61.90476191,4.761904743,19.0383,-155.8826
12,2007,3.089754697,2.337659481,2.387987974,6.354218126,48.09806533,33.48065677,1.476327036,1.958783176,52.88827036,9.545377868,NA,NA
12,2011,3.427037179,14.24894771,13.1380192,2.921264597,51.40912313,33.60914305,3.617577598,2.138157895,52.55032614,7.257366172,NA,NA
12,2014,7.523484723,5.484896879,8.15284361,11.96071965,98.85024152,40.5778714,0.380297844,1.665646577,47.15309706,9.973750836,NA,NA
12,2016,5.610129337,9.17353868,37.58623976,8.11458634,98.88133508,36.58592262,1.201668431,1.535513194,37.91483903,20.07624035,NA,NA
17,2007,3.802632937,4.806041992,26.0086599,0.934163273,40.29012929,27.05338507,0.350607287,7.818825911,61.73390688,2.544590643,NA,NA
17,2011,1.449278691,3.64271974,10.41587606,3.290925262,29.54393437,33.10941296,1.061538462,6.472874494,53.10182186,5.723582996,NA,NA
17,2014,2.458421773,13.03686796,2.226156302,11.18305824,71.3181509,45.54361605,0.082185034,6.489100361,40.17213729,4.121247828,NA,NA
17,2016,2.675323073,23.11235226,29.03850517,5.423696007,72.26035467,23.37264733,1.001839516,6.07092965,56.49992976,7.878401811,NA,NA
26,2007,6.264285579,11.30131808,10.12975535,3.024918186,18.13024916,28.68316464,8.656005398,0.154026091,57.36671165,4.795962663,NA,NA
26,2011,3.929353995,2.421327735,0.264093849,2.164632948,40.04668109,29.96676788,4.871536212,0.34291498,56.05741116,6.7471435,NA,NA
26,2014,8.295307867,6.8184587,0,8.177904402,56.99773311,35.14343867,0.110146967,1.464064434,57.89237836,5.037171371,NA,NA
26,2016,14.86193156,9.860480413,0.144510471,16.40146052,68.83094025,19.78895061,6.786697141,0.595259995,50.5923411,14.17391696,NA,NA
31,2007,2.397643747,3.749887813,6.643623536,4.190657107,17.78477814,39.76561998,4.155320192,2.465137202,48.05981299,5.167686845,NA,NA
31,2011,1.190500951,2.496721209,3.963265876,4.136456952,17.17738043,39.12140126,2.37854251,2.467386415,45.35340756,9.462156995,NA,NA
31,2014,1.660371054,3.855616606,5.724063824,6.907072852,59.51492988,44.91520562,0.569693612,2.627226476,41.83709323,9.30530657,NA,NA
31,2016,2.827016596,12.38308023,7.178490544,13.46288137,62.96205716,26.44213046,1.061211269,2.363891479,50.86325306,14.04645693,NA,NA
35,2004,2.785493901,5.490316867,9.997565148,0.865735029,22.76383827,33.92,1.12,0.48,54.56,8.16,19.4214374,-155.9149104
35,2006,7.020025729,12.77166167,12.52662671,1.652589406,23.62177332,28.48,2.72,5.28,46.24,12.48,19.4214374,-155.9149104
35,2007,2.901517148,18.70861898,10.31653043,0.200469722,26.94602094,29.6,1.333333333,6.4,48.8,11.46666667,19.4214374,-155.9149104
37,2004,2.427169317,6.874159421,1.579855184,2.432362739,16.50848289,66,4.8,0.4,18.8,10,19.42437234,-155.9123655
37,2006,1.025668726,20.356415,2.118426773,2.021287053,26.5235996,49.2,2.4,11.2,33.2,2.8,19.42437234,-155.9123655
37,2007,15.45312948,14.85130218,1.396306248,1.20102091,19.31640001,55.2,4,3.2,21.6,15.2,19.42437234,-155.9123655
40,2004,5.478261473,8.286601829,3.844474969,0.63468338,13.12981046,31.73333333,1.866666667,0.8,52.53333333,12.26666667,19.42527573,-155.9168256
40,2006,6.061490767,17.25024733,5.634163392,1.850948013,37.39795898,20.53333333,4.266666667,4.266666667,46.66666667,21.86666667,19.42527573,-155.9168256
40,2007,22.42923022,20.41994607,12.77309311,4.647334428,41.12741813,33.06666667,4.533333333,5.333333333,37.33333333,15.46666667,19.42527573,-155.9168256
41,2004,2.178719591,11.86873859,0,27.17902787,49.34124184,24.8,0.8,0,62.4,9.6,19.42925976,-155.9200276
41,2006,29.30498773,12.10139202,0,0,46.61936271,30.4,0,5.6,32.8,26.4,19.42925976,-155.9200276
41,2007,69.44971073,17.75433468,0,24.17350551,75.36504195,39.2,8,0,20.8,20,19.42925976,-155.9200276
42,2004,6.536158772,13.9776188,6.112771693,3.255063594,23.32512578,34.4,1.6,0,53.6,9.6,19.43426107,-155.9211638
42,2006,24.2619028,13.57720623,0,2.90374252,35.31111045,28,11,10,19,16,19.43426107,-155.9211638
42,2007,8.718813662,22.9353168,38.79644966,0.683373207,77.14927977,38.4,3.2,1.6,40.8,10.4,19.43426107,-155.9211638
43,2004,6.063290271,14.97353473,5.080649175,0,21.35965201,24.8,1.6,1.6,59.2,11.2,19.4393424,-155.9212548
43,2006,3.376235629,9.032474623,0,1.131486077,38.78127205,13.6,8.8,3.2,52.8,20,19.4393424,-155.9212548
43,2007,5.373796509,24.95056908,0,8.257502913,43.21682038,15.2,1.6,0.8,14.4,62.4,19.4393424,-155.9212548
44,2004,2.342228889,9.298976487,0,0,15.42182658,16.8,0,0.8,69.6,10.4,19.44393208,-155.921042
44,2006,5.736108391,18.85996947,13.84641384,3.119007576,12.04288383,16,2.4,0.8,64,13.6,19.44393208,-155.921042
44,2007,8.838226471,22.27564573,14.7373315,0,13.81263048,30.4,2.4,1.6,47.2,12.8,19.44393208,-155.921042
46,2004,0.427524933,8.188797849,0,0,17.331998,17.6,2.4,0,62.4,16,19.44806519,-155.9228291
46,2006,8.060694764,14.64022793,0,1.318844241,19.88201043,16,7.2,3.2,48,18.4,19.44806519,-155.9228291
46,2007,0,30.54629454,9.96527524,0,24.26192853,21.6,6.4,5.6,33.6,25.6,19.44806519,-155.9228291
47,2004,1.869362648,13.72149201,4.995569949,10.63358876,107.2529559,22.4,0.8,1.6,49.6,18.4,19.45573993,-155.9244514
47,2006,7.781574061,6.655451606,11.77202779,12.75857549,241.9925768,29.6,2.4,25.6,14.4,20,19.45573993,-155.9244514
47,2007,6.080954185,11.64517121,11.73774224,33.12388659,147.4437081,33.6,1.6,2.4,28,20.8,19.45573993,-155.9244514
48,2004,4.198344453,9.421864542,3.347956593,1.289075693,23.66570829,9.6,0.8,1.6,84,4,19.45793265,-155.9284311
48,2006,10.14809429,12.64762684,14.01945603,1.526305866,22.17088305,9.6,2.4,9.6,56,18.4,19.45793265,-155.9284311
48,2007,0,39.30870754,4.349522515,5.845641635,67.60570286,15.2,0.8,3.2,52.8,25.6,19.45793265,-155.9284311
49,2007,3.653943266,5.618166414,14.56604667,3.079350994,9.435963122,29.37721614,7.40427615,0.697636342,58.36075388,3.674287529,NA,NA
49,2011,2.938701229,5.245762524,8.642968336,5.929489082,8.737168342,28.18966487,6.628992353,1.019736842,60.71468736,3.107849753,NA,NA
49,2014,5.547604631,9.002560843,15.69725654,16.9690382,18.6921014,35.74842555,1.544646874,1.622244714,52.02457265,8.817195232,NA,NA
50,2004,0,5.986947448,0,0.04001882,8.328438556,79.2,4.8,0,14.4,1.6,19.46401165,-155.9243238
50,2006,2.899033288,7.208802732,0,0,16.14054371,60.8,2.4,21.6,7.2,7.2,19.46401165,-155.9243238
50,2007,0,8.582190824,11.2160309,3.255063594,10.42713105,48.8,4.8,16.8,15.2,13.6,19.46401165,-155.9243238
51,2004,2.241881868,7.664370251,7.995380163,5.300659511,12.27794326,37.92,0.16,1.28,41.28,16.8,19.47059193,-155.9234725
51,2006,2.74027471,17.69011963,5.849678559,3.777797672,13.82764822,37.285,2.88,9.725,26.78,20.52,19.47059193,-155.9234725
51,2007,6.249502123,8.116132869,7.080449303,9.577722999,15.70861665,39.2,3.68,7.36,27.68,17.28,19.47059193,-155.9234725
52,2004,0,13.47823439,0,0.177311369,8.683686319,28,0,1.6,62.4,8,19.47181343,-155.9242259
52,2006,14.80418306,27.11701316,2.302348981,3.255063594,9.577571853,37.6,0.8,28.8,19.2,12,19.47181343,-155.9242259
52,2007,0,15.2747624,0,0,6.910325743,35.2,0,24.8,32.8,4.8,19.47181343,-155.9242259
53,2004,5.028450363,25.82888232,14.26543563,0,17.96137945,53.6,0.8,22.66666667,13.33333333,8.533333333,19.47258455,-155.9199117
53,2006,0,9.687793937,4.000970231,0.531369124,17.81497686,62.13333333,1.333333333,20.26666667,6.133333333,9.333333333,19.47258455,-155.9199117
53,2007,8.349613263,3.278729727,1.266473894,69.60654313,13.95693632,58.13333333,0,19.73333333,10.66666667,11.2,19.47258455,-155.9199117
54,2004,2.573478252,14.50947872,14.23406571,1.288449138,34.53507762,45.6,2.133333333,0.533333333,47.46666667,3.733333333,19.47250635,-155.9222838
54,2006,0.895632752,8.311284012,16.80779888,3.022552211,27.0879882,54.93333333,0.8,11.46666667,24.53333333,6.933333333,19.47250635,-155.9222838
54,2007,0.623120883,17.00470451,20.62037312,4.117227915,50.95733002,46.75120773,2.330093084,4.895652174,32.01603629,11.73716272,19.47250635,-155.9222838
55,2004,0,7.877108608,17.25386779,21.89894421,21.97222559,47.2,0.8,0,38.4,13.6,19.47428647,-155.9231471
55,2006,5.373841281,10.02623231,0,3.065333087,16.49957376,57.6,7.2,4.8,12.8,15.2,19.47428647,-155.9231471
55,2007,0,6.832685819,0,2.187319662,15.24781477,24.8,10.4,16,30.4,14.4,19.47428647,-155.9231471
56,2004,0,19.40717438,0,16.77285462,93.12106859,44.8,0,1.6,47.2,4.8,19.47430547,-155.9202918
56,2006,0,3.813497056,0,9.436229539,28.0299394,47.81538461,3.2,10.30769231,13.35384615,22.15384615,19.47430547,-155.9202918
56,2007,0,13.64272301,0,13.18667252,16.45513305,46.4,0,16,24.8,12,19.47430547,-155.9202918
57,2004,5.119705114,6.538605755,3.547227757,6.042906041,18.88324581,44,4,0,44.4,7.2,19.47811714,-155.9363616
57,2006,19.69593317,17.37994135,5.237807418,12.70140221,18.1588686,38.8,6,2.4,34.4,15.6,19.47811714,-155.9363616
57,2007,1.089359795,17.42539859,19.00686777,2.240828241,60.57731964,25.6,3.6,3.2,45.2,16,19.47811714,-155.9363616
58,2004,3.287942595,13.41391151,32.86133454,16.45954414,62.22130664,28.4,0.4,0,59.6,10.8,NA,NA
58,2006,9.233691434,21.18596934,31.86884653,14.156793,74.02478243,17.50769231,1.6,12.73846154,39.89230769,25.47692308,NA,NA
58,2007,9.382256735,26.82538245,24.41830064,11.83815699,80.36101899,28.67963199,3.359031839,13.91650672,41.12710982,11.84287833,NA,NA
58,2011,4.218024868,12.62918648,14.1245055,15.65514316,43.18312434,23.27304318,5.98277103,1.221761134,64.86938821,3.480060729,NA,NA
58,2014,10.19403206,35.0133424,31.21641786,41.93359178,102.7410078,26.44056613,0.245421597,0.512962545,61.66452687,10.04255137,NA,NA
58,2016,15.09693945,50.13829941,13.40175898,41.6659487,159.0630546,12.50564604,3.391809601,0.251314692,41.87344919,33.55050024,NA,NA
59,2004,4.065620744,24.07298852,3.121577895,7.401037501,28.638472,36.4,2,9.2,38.4,13.6,19.4787373,-155.9231461
59,2006,1.171114445,35.33155808,5.467387349,1.93650064,28.19872409,33.2,1.6,33.6,14,13.6,19.4787373,-155.9231461
59,2007,1.089359795,17.03873283,2.693770693,3.583390012,29.50962926,53.2,2.8,9.2,18.4,15.2,19.4787373,-155.9231461
60,2004,6.820460869,9.089896664,7.800936339,9.262410878,12.90555855,20.8,4.4,0,66.4,6.8,19.47975052,-155.938628
60,2006,3.256081934,21.11682533,7.756776922,0,14.31086494,22.4,5.2,10.8,49.6,10.8,19.47975052,-155.938628
60,2007,2.178719591,15.56876709,0,0,39.29277715,14.14285714,19.57142857,3.028571429,53.82857143,7.828571429,19.47975052,-155.938628
61,2004,0.574506537,18.80290292,2.544915642,8.346670584,23.37249283,47.46666667,0,1.6,42.93333333,6.4,19.47987198,-155.9258597
61,2006,0.598478531,22.38307992,0.449547644,11.44960906,37.99128903,37.97948718,3.514529914,17.49059829,24.96752137,13.38119658,19.47987198,-155.9258597
61,2007,3.903714815,19.13200841,0,6.607874133,40.95030534,43.2,1.333333333,8.8,32,12.8,19.47987198,-155.9258597
62,2004,3.389607854,26.24837998,30.01371146,3.475477659,59.05577584,72.8,0.4,1.2,13.2,12,19.48056192,-155.9331311
62,2006,3.689686518,28.22321179,10.96873868,5.376,26.89662698,59.2,0,2.4,16.8,19.2,19.48056192,-155.9331311
62,2007,2.181662823,21.83674485,0,3.186925668,54.11275115,65.2,0,1.6,12,19.6,19.48056192,-155.9331311
63,2004,2.955778081,11.74331974,5.291213855,7.153232067,25.54938975,30.4,2,0.4,50.8,16,19.48159552,-155.94037
63,2006,3.431588685,12.08137966,0,7.51686534,27.86567767,36.8,6.5,11,22.6,21.7,19.48159552,-155.94037
63,2007,4.84207542,14.48574697,0,5.86908219,35.75957559,38.8,8.4,6.4,24,21.2,19.48159552,-155.94037
64,2004,0,38.83229308,0.805912105,0,56.18866331,32.8,0,0,24.8,40.8,19.48148375,-155.9291687
64,2006,0,11.71780778,0,6.559974765,42.66211444,56,0.8,4.8,3.2,32.8,19.48148375,-155.9291687
64,2007,0,23.87344064,0,0,89.28882405,22.4,4,7.2,43.2,20,19.48148375,-155.9291687
65,2004,1.449516644,8.684740904,1.624628995,0,19.87112224,53.6,0,0,22.4,22.4,19.48217003,-155.9313895
65,2006,2.342228889,4.36464278,0,9.977551093,82.00492026,39.2,0,5.6,14.4,37.6,19.48217003,-155.9313895
65,2007,0.627826252,7.138740944,17.78002442,1.929840127,35.56925147,43.2,0.8,0.8,20.8,26.4,19.48217003,-155.9313895
66,2004,4.204232037,10.09869864,9.790816859,3.125705252,14.3159797,21.6,1.6,0.8,63.2,12.4,19.48285197,-155.9427725
66,2006,7.315463118,20.18654593,6.643527923,3.27307206,26.08126055,19.2,12.8,15.6,37.6,14.4,19.48285197,-155.9427725
66,2007,1.343449127,11.64575623,11.28909376,0,18.41717001,25.2,12.4,6,40,16.4,19.48285197,-155.9427725
67,2004,2.03287425,10.72828836,8.698575184,4.562839771,31.22734948,28.4,0.8,0.8,55.6,12.4,NA,NA
67,2006,2.432808923,14.60407926,27.76950175,0.112529685,17.49902697,30.8,3.2,24.4,24.4,17.2,NA,NA
67,2007,10.24729961,10.76113223,18.75876871,1.95583306,52.71823713,29.45868162,4.264759351,6.884793752,46.82762764,11.24473784,NA,NA
67,2011,2.974029346,9.343848118,3.745465251,1.419699788,37.81620316,14.47636342,0.632591093,1.515688259,79.96353298,3.123362705,NA,NA
67,2014,12.41091088,27.99986297,25.48779431,10.07413882,87.84502114,17.02786358,0.460865682,1.393384933,73.14725562,7.820356701,NA,NA
67,2016,23.26630021,24.78092347,20.19398246,2.392933481,92.21112699,5.723357174,3.851203533,0.987225347,66.60050063,16.27347087,NA,NA
68,2004,4.692547492,7.968827109,0.910329681,0,17.98540974,29.6,1.2,0.4,57.2,10,19.48437171,-155.9492397
68,2006,10.48567214,18.42732573,1.286215302,0.877483137,31.75290211,30.4,9.2,4.4,28.8,23.2,19.48437171,-155.9492397
68,2007,2.685598324,21.87976655,4.471821853,0.253847423,35.59763243,47.6,4,2.4,26.4,16.8,19.48437171,-155.9492397
69,2004,3.744616368,6.64398975,0,14.30646413,14.54617793,44,0.8,0.8,45.6,7.2,19.48581752,-155.9508176
69,2006,2.868054196,5.906677359,0,2.268,89.72115436,55.2,4,0.8,32,5.6,19.48581752,-155.9508176
69,2007,2.688147838,1.392828118,0,1.298267362,52.90748889,51.4,4.8,4.6,20.8,15.8,19.48581752,-155.9508176
70,2007,1.956306263,8.936963917,3.933139012,6.941766044,14.38844798,33.17409701,1.914552407,2.893117409,59.43840862,2.192678812,NA,NA
70,2011,2.082409351,7.115829356,3.034326956,2.338420617,16.43401158,35.35734368,2.771873594,3.803137652,53.51523842,3.147773279,NA,NA
70,2014,5.714976619,28.69920835,8.770860556,8.09375177,29.93836225,41.58263331,0.954588787,5.487271325,44.99484294,6.258641108,NA,NA
70,2016,2.986300554,20.36277526,6.103225077,20.37254895,75.69631709,17.89448277,0.393802027,4.998627811,60.57273586,11.67237366,NA,NA
72,2007,0.899042511,38.72596727,8.451567064,9.945014643,9.663585021,59.72389789,1.56025641,0.500179937,33.60761359,3.757444894,NA,NA
72,2011,1.14020047,6.192417053,3.799187934,4.818478467,10.2024056,62.43870625,0.048076923,1.454790768,34.48907931,1.269076839,NA,NA
72,2014,1.303129095,11.3335085,5.474316115,2.388372003,22.06262383,64.66613972,0,0.127416153,29.10244023,5.42493038,NA,NA
72,2016,4.090898432,12.08620391,17.91204415,3.589899433,41.01583316,22.62478793,0.629264699,1.455962072,57.45618019,10.68922123,NA,NA
73,2007,0.549200467,11.35381671,4.943129926,2.164511612,8.577485984,31.25477958,1.093679712,0.600258659,61.30651147,5.037674314,NA,NA
73,2011,0.192330577,2.657351846,1.417081653,0.58127283,7.270201462,28.5384178,1.709495427,1.075477749,64.53368404,3.255808384,NA,NA
73,2014,0.40957183,6.794021835,3.577819775,0.493684032,12.69788027,32.30844541,0.398785425,0.341579344,52.23836005,13.21364384,NA,NA
73,2016,0.288911797,6.611917211,0.37484599,9.94232792,11.01595617,18.4338691,0.300557299,1.146204891,62.61042436,16.3632548,NA,NA
75,2007,0.375277261,1.247650518,0.276427538,6.874224957,12.19750582,61.93557329,0.996936786,1.212667084,31.71821931,3.711495619,NA,NA
75,2011,0.2425837,2.314329807,1.423735768,4.826671012,10.04571151,46.9197031,0.991902834,1.415647906,43.89806766,6.42520706,NA,NA
75,2014,0.377422553,9.552852731,5.651259803,10.70286456,35.29108819,47.08385078,0.039473684,1.739599605,38.21446867,12.44795424,NA,NA
75,2016,0.000501967,9.616294011,0.816466105,19.56322775,26.58529817,27.09029152,2.102495255,1.13960396,52.89815748,14.08031923,NA,NA
76,2007,1.681660751,14.26361488,1.687241772,24.44607437,21.3281558,53.05005184,0.388772412,10.72457728,25.27496981,2.482858022,NA,NA
76,2011,0.183896931,2.852659222,0.797899418,6.172440988,19.50321935,43.92739605,0.194838057,4.540927185,45.55161413,1.315288175,NA,NA
76,2014,1.413799351,5.328616027,3.598560109,25.91502361,55.44767036,58.60520693,0,8.689552407,21.67931849,4.313990103,NA,NA
77,2007,2.447824598,6.627086171,18.92388633,7.392838913,36.87746417,38.345704,4.707602339,2.113416554,40.00955915,3.100258659,NA,NA
77,2011,1.786638039,10.10296642,15.87383122,6.49118248,26.63883836,41.59914001,0.713450292,1.604093567,46.41804199,2.214158794,NA,NA
77,2014,7.708191124,11.73153089,12.43476636,9.033167304,62.38003169,48.38436131,0.284742561,1.835640234,35.17669888,4.492959462,NA,NA
77,2016,19.02202062,28.98148476,27.10806736,8.515635445,84.38720983,18.54029225,3.298107195,1.224452669,61.46874236,10.70566095,NA,NA
80,2007,2.238727466,4.052957532,5.097046713,18.99146818,63.66609434,48.85062713,0.293522267,2.879892038,31.64902424,3.325706517,NA,NA
80,2011,0.315217337,1.690513936,0.762145404,10.41161529,35.45541911,48.70471805,0.053418803,3.465524199,31.94687558,1.898153661,NA,NA
80,2014,0.501581887,2.832659903,1.53348652,74.01327933,112.8736891,53.82710367,0.816292921,2.497788764,24.90361356,5.14040906,NA,NA
80,2016,0.845120686,29.3467299,2.594090909,45.40157909,152.434612,28.16257632,1.052011253,3.963596738,61.88916326,4.131539762,NA,NA
81,2007,3.497825236,2.931480309,2.772215237,2.467490328,23.07670081,37.62020569,0.246949602,0.783386849,55.2666465,2.269046566,NA,NA
81,2011,2.029054863,1.704959395,15.41866621,1.739228078,17.7606,42.35183311,0.200179937,0.549089069,52.26692533,0.200179937,NA,NA
81,2014,4.751712881,19.69485362,3.641661727,7.033623309,41.45282173,42.08945831,0.613031745,0.555098684,46.82568427,4.603458771,NA,NA
81,2016,8.276142847,9.843525068,5.994887789,10.88732356,63.18770101,25.85316135,1.094047692,3.613736225,57.69501978,7.870072,NA,NA
83,2007,1.344576795,3.984819873,4.012078703,5.060628719,14.16379299,42.37391527,0,3.207071729,52.70728132,0.620914612,NA,NA
83,2011,1.001037284,2.768331054,1.528343367,0.978958109,11.27354328,44.54053214,0.098684211,1.349808817,51.92454883,0.152103014,NA,NA
83,2014,3.270965406,16.54465488,2.356681451,0.044431934,29.45848297,51.82149617,0.020242915,2.778307451,42.18177894,1.971910096,NA,NA
83,2016,9.210521396,14.25257707,3.41220885,3.305664347,39.71443995,19.29563262,2.660776805,6.239566106,62.41358664,6.232514534,NA,NA
87,2007,2.815415468,16.93960876,19.2298762,4.198826777,16.95503422,36.96822987,1.216048133,1.818915879,57.24782951,1.189361224,NA,NA
87,2014,8.7357946,10.38445482,13.01783698,7.050856826,43.18600814,39.37380315,0.069381858,2.024462087,53.6272508,3.266681813,NA,NA
87,2016,9.339948508,11.52202855,28.45200224,12.29607375,55.80441949,18.78156426,2.434373075,2.190524727,47.36116762,19.10913966,NA,NA
92,2007,1.388659762,3.027136482,6.992275207,5.500654042,27.85287632,47.47178826,0.194838057,1.797852002,47.8686592,1.871659919,NA,NA
92,2011,0.750554522,5.294004165,6.027377305,3.998899429,17.13108677,47.61274179,0.048076923,1.558704453,49.32551732,0.82742915,NA,NA
92,2014,0.198949563,5.248033464,7.220997466,2.635754559,28.1003718,46.89336244,0.010121457,1.370262635,46.97211379,3.048646357,NA,NA
92,2016,1.25314295,20.90411141,7.267530656,14.51187699,46.66370399,24.33534855,0.147347741,2.221477277,58.38676889,13.17966091,NA,NA
134,2007,0.82519977,7.124029974,5.925428184,4.81783499,13.60567096,31.14444461,0.202850877,2.242164305,59.77805496,5.781624924,NA,NA
134,2011,1.229406404,5.15424531,3.656100744,1.861574131,13.40295141,26.90853775,0.917105263,3.858603239,62.41586687,5.194421291,NA,NA
134,2012,0.314923107,6.146394039,11.51349915,13.38754766,85.36813886,25.12035135,0,9.66752806,51.59066224,12.27635258,NA,NA
134,2014,2.368807899,10.87120522,8.562975977,6.386095614,50.55630762,26.97818264,0.432692308,1.900865947,59.81921952,9.555780477,NA,NA
179,2007,0.008574069,0.893437114,2.534565253,4.084928116,7.147542483,16.84604139,0.736617184,0.721153846,74.81415879,5.697537112,19.8911167,-155.9100667
179,2011,0.062841656,1.187418832,1.217671616,1.696996127,8.267363669,18.62404408,1.077935223,1.242690058,72.37826136,5.052013045,19.8911167,-155.9100667
179,2014,0.427809972,5.909762832,0.053678286,1.860677455,12.96253293,25.88747778,0.460603663,0.708916086,62.77233865,9.215362375,19.8911167,-155.9100667
179,2016,0.325902033,3.746629792,0.101935444,11.25217777,15.57654209,18.07294539,1.953409519,1.064571008,53.09566836,21.32431258,19.8911167,-155.9100667
182,2007,0.694875103,3.539290391,1.629421017,5.96761224,9.157356222,31.94972017,0.976720648,2.574224022,56.46177331,7.1567139,19.95275,-155.8661667
182,2011,0.256504843,17.90782201,5.325310879,1.244381934,10.05551266,28.53969861,1.4172852,4.021311291,57.07068151,6.90845704,19.95275,-155.8661667
182,2014,0.845707603,6.501386597,6.176634334,7.146131283,18.73287078,25.09444122,0.281882591,1.801116882,56.49084481,15.2491568,19.95275,-155.8661667
182,2015,0.359567557,6.194401527,4.922089778,7.133179756,30.5262969,27.4130292,0.363398692,2.609986692,44.32674652,23.18652267,19.95275,-155.8661667
182,2016,1.154905127,5.8416757,2.856740348,8.121619777,31.74082404,12.44109453,0.098619329,2.455515878,56.45888225,27.26712481,19.95275,-155.8661667
183,2007,0.829910064,25.19376796,5.146122316,4.190611464,55.44487315,48.2920702,0.78783639,1.035481332,41.9929679,6.758040936,19.9698833,-155.8488
183,2011,0.559210604,10.89025802,1.79055918,1.375843144,68.49328324,34.42881572,0.96659919,0.771761134,52.89301686,9.577577995,19.9698833,-155.8488
183,2014,3.763545387,26.21949631,4.051664241,8.449865173,100.967865,32.76874094,0.192771592,0.431250845,49.73804931,15.19448308,19.9698833,-155.8488
183,2015,0.515258994,17.8209158,10.94053844,9.258531096,157.2305821,33.59343366,0.050607287,0.048732943,48.4913155,16.6817984,19.9698833,-155.8488
183,2016,1.231544573,42.1512687,18.9939628,48.17629263,245.9147774,11.80723224,0.95762626,0.497522823,49.92750462,32.88108848,19.9698833,-155.8488
202,2007,0.176327698,3.009999204,9.199879606,5.432439118,17.36964171,43.45450967,0.779633378,1.986617184,47.34396086,5.499044085,20.0739167,-155.8645167
202,2011,0.022353737,2.450395252,1.693012827,5.962913381,17.10782924,39.00219298,1.255060729,1.33097166,53.01282051,4.761302294,20.0739167,-155.8645167
202,2014,0.366828711,3.556436317,3.431487523,9.288069065,26.53378505,44.2805887,0.090748988,1.01818417,41.42050206,12.34309091,20.0739167,-155.8645167
202,2016,0.714146568,5.024840196,6.642102367,11.21053713,66.75774418,25.09551507,0.351105031,1.455025773,60.69282463,10.59707509,20.0739167,-155.8645167
206,2007,1.033457068,5.486292754,0.907862732,1.001734778,10.83728447,11.58141182,0.15,28.53545643,56.94828162,1.571914562,20.16,-155.9001833
206,2011,0.56969332,3.613635728,0.826502045,2.334072178,21.27353194,11.79318489,0.146761134,28.35526316,57.90064103,0.546558704,20.16,-155.9001833
206,2014,3.09831964,5.946526942,0,3.860696429,58.33029129,12.8912917,0.232114439,26.0863939,58.56040449,1.514565985,20.16,-155.9001833
206,2016,2.517182422,5.164636487,0,2.226892727,121.4415787,5.595132572,0.781760699,26.35042447,59.37601819,7.259675474,20.16,-155.9001833
255,2000,18.67515775,10.62488471,6.503502337,14.27658653,41.49285346,76.49077965,0.004761905,23.26590686,0,0,20.63233333,-156.4963833
255,2013,0.277959453,0.604549849,11.53769776,1.969145755,17.80984263,74.92363636,0.036363636,0.763636364,17.42909091,6.847272727,20.63233333,-156.4963833
255,2014,2.394371116,5.056229638,4.322579783,2.177003618,14.10599346,72.95151515,0,0,26.51818182,0.53030303,20.63233333,-156.4963833
255,2015,0.350419789,1.026054801,6.652530874,7.577501098,11.14673365,80.03484848,0,0.466666667,8.923636364,10.21121212,20.63233333,-156.4963833
255,2016,1.21751056,0.856547246,4.482674082,0.477120003,17.99785938,76.59393939,0.109090909,0.215151515,14.19090909,8.854545455,20.63233333,-156.4963833
262,2006,0.720291669,44.45383789,0,5.930166404,15.8122001,5.901960784,0,75.41176471,18.68627451,0,NA,NA
262,2008,0,32.95698304,42.18237519,4.731230867,3.255914517,18.5300813,10.91056911,3.21300813,63.7203252,2.819512195,NA,NA
262,2010,0.930113787,48.51202639,5.274018262,0.23443512,16.25709121,9.779812078,76.3520343,11.84537037,0,1.582512315,NA,NA
269,2010,0.410630846,1.845226874,4.469618892,0.895552998,6.364206854,54.34285714,8.771428606,0,21.21428571,12.28571426,20.70393987,-156.4506148
269,2012,1.175387624,5.254620892,33.21091228,0.42650382,11.4960072,51.7123288,0.342465719,21.57534245,20.54794519,5.821917838,20.70393987,-156.4506148
269,2013,0.990585902,2.477150087,3.958047769,0.235123562,3.981073356,55.625,0,0,34.83333333,9.041666667,20.70393987,-156.4506148
287,2006,2.05546118,5.978255748,14.66268469,4.212411166,11.8309346,51.96078431,0,44.11764706,3.921568628,0,20.7412,-156.8758
287,2008,1.100622311,5.014041246,51.98446702,0.759514839,12.85539353,38.4,12.4,42.4,2.8,4,20.7412,-156.8758
287,2012,0,8.805767405,5.649621944,0,5.843189522,13.04347834,3.010033441,4.682274275,79.26421394,0,20.7412,-156.8758
385,2006,41.27439451,0.15826641,0.13913184,0,10.04962561,5.960784314,62.39215687,16.76470588,14.88235294,0,20.923033,-156.909367
385,2008,0.192459149,0.737394801,1.458826511,0,4.765870588,13.2,54,19.6,10.8,1.6,20.923033,-156.909367
385,2010,0.682370105,3.331636054,1.110806074,3.697886387,2.92647798,1.705433518,13.45729522,1.006711409,78.06380433,4.417578342,20.923033,-156.909367
392,2008,28.81935197,10.72962228,2.943494875,0.043451256,20.73039713,45.52618826,3.589646156,25.85842502,20.81793243,3.732535789,20.93619637,-156.6934171
392,2009,3.54434529,5.298556812,1.772857644,0.242921774,16.36502565,36.06394557,20.629932,42.7047619,0.466666667,0.134693867,20.93619637,-156.6934171
392,2010,2.736257458,7.95502408,10.13621391,0.941415277,8.377257983,29.85434611,5.434225914,6.057287157,53.30792907,4.574638871,20.93619637,-156.6934171
392,2011,9.665310198,6.867268041,11.03768891,4.338508934,24.04299868,29.25194806,4.618181818,7.618514818,54.46893105,3.033333327,20.93619637,-156.6934171
392,2012,6.474319767,7.450724849,8.355220873,10.75318785,27.96179677,29.42817275,3.132595867,10.77104453,48.83907304,2.932239327,20.93619637,-156.6934171
394,2008,2.928664623,1.682617151,0,3.672732197,17.18713212,35.72890993,5.14619015,39.33510365,17.30592853,2.377305167,20.9370842,-156.6935883
394,2009,7.057020977,8.888907808,2.491938069,0.465344153,55.27890359,12.10416668,4.15,83.04583333,0.5,0.2,20.9370842,-156.6935883
394,2011,4.380417873,1.586543211,9.110685352,0.072266377,15.95787726,39.7,5.2,19.25,31.35,2.3,20.9370842,-156.6935883
394,2012,7.688643507,3.381909466,3.27805993,5.202912202,44.47642172,31.7116356,3.212244914,4.862857143,55.34360249,4.287891143,20.9370842,-156.6935883
395,2008,7.871112526,6.73612169,5.958306871,2.744555817,28.11051245,35.49616941,1.688798413,33.64407055,24.91941916,4.181689575,20.93815041,-156.6937568
395,2009,0,0.651016737,0.700548701,0,17.65402953,38.1736497,8.9435399,51.72835907,0.544927533,0.6095238,20.93815041,-156.6937568
395,2010,9.997914337,0.165062759,1.733331974,0,16.82002368,29.07407407,5.674074067,3.2148148,60.95925927,0.037037033,20.93815041,-156.6937568
395,2011,0.634364644,1.824198742,61.10146187,2.958431795,45.80438756,41.71749848,2.5301282,6.415087,39.5989011,7.551022588,20.93815041,-156.6937568
395,2012,0.138478214,3.666201054,6.366960841,2.439545995,24.74492336,42.56923082,2.474358977,5.923223438,39.75985348,8.107692308,20.93815041,-156.6937568
396,2008,12.23837703,12.61893773,2.153324615,1.092736343,16.2783368,37.80767193,1.177524007,19.83185123,36.81387787,4.310322793,20.93913898,-156.6933899
396,2009,8.304283802,31.25332172,10.13417659,0.341058975,76.11858379,34.05330416,5.4909621,58.96185617,1.034402343,0.402332357,20.93913898,-156.6933899
396,2010,0,1.878689054,0,0,6.242072586,48.0782609,3.4173913,0,46.3043478,1.4,20.93913898,-156.6933899
396,2011,6.110873626,5.009745083,0.92861232,0,16.63265027,27.7,5.266666667,17.96666667,43.16666667,5.833333333,20.93913898,-156.6933899
396,2012,5.077790383,9.668413071,8.302503897,0.024088792,40.02651822,28.65111113,1.829127017,2.257777767,59.35904763,7.30738095,20.93913898,-156.6933899
397,2008,2.521743032,13.11590852,0.025147841,0,9.135496991,44.00860947,1.0980092,28.75662663,25.34112978,0.614742567,20.93997007,-156.6934692
397,2009,9.149544745,5.475554531,2.931642603,0.112618194,116.5973478,31.80663007,4.385555067,62.28083072,0.83537415,0.6249433,20.93997007,-156.6934692
397,2010,7.288027833,3.223693385,9.051738792,3.674671777,29.86015909,33.94442768,6.159529613,9.991098238,46.65001504,3.0424294,20.93997007,-156.6934692
397,2011,6.741630353,7.451110683,2.693479349,6.816977304,34.04321203,36.14668109,3.39666668,8.59666666,49.15655123,2.36343434,20.93997007,-156.6934692
397,2012,1.367334768,3.59869749,1.623664837,7.038197512,25.54957566,27.24477524,0.898887782,11.65163059,57.22066156,2.625390182,20.93997007,-156.6934692
398,2008,2.08340655,1.67079883,4.023649918,0.266821548,11.94108378,35.4308288,0.385035429,36.32409607,25.84511946,1.856937057,20.9411577,-156.693924
398,2009,0.949360916,10.81015805,1.236660639,3.130953851,63.96182317,34.77551073,1.004105929,63.64487316,0.285714286,0.2606414,20.9411577,-156.693924
398,2010,0.614325703,2.502431654,3.862907406,0,10.2074196,17.26666667,1.85,7.4,72.01666667,1,20.9411577,-156.693924
398,2011,1.679845408,2.250649256,1.073073675,4.047730218,5.810396976,39.64,3.08,9.1,45.26,2.16,20.9411577,-156.693924
398,2012,3.647685246,6.986897885,5.472051808,1.180000484,14.9943881,27.3216107,1.246714975,6.108333325,60.58563809,2.883972767,20.9411577,-156.693924
399,2008,0,5.497878734,0,2.586977559,5.357097214,11.36962628,1.984085825,46.36823118,39.65542948,0.53439195,20.94224167,-156.6929032
399,2009,0,3.864937979,1.06400995,0.225236387,8.642471393,22.3356202,0.540309767,76.0531481,0.670922,0.4,20.94224167,-156.6929032
399,2010,0.216086127,0.132937964,6.384059699,0.141237615,8.85433666,5.4,0.2,10.55,83.4,0.4,20.94224167,-156.6929032
399,2011,8.921536062,0.836080558,0,0,8.531594536,44.4,5,8.2,35.4,6.9,20.94224167,-156.6929032
399,2012,9.704803506,28.59416882,2.196170355,0,22.53423176,6.3444445,0,6.9190476,83.6222222,2.97142855,20.94224167,-156.6929032
400,2008,0.39888808,3.084875721,10.53150725,4.683064625,74.75428092,35.98597777,0.122549033,25.74659863,13.1711685,24.97370613,20.94292972,-156.6945684
400,2010,0,3.842857712,9.816335831,1.511771113,19.74311978,32.38333333,8.35,5.333333333,44.21666667,8.35,20.94292972,-156.6945684
400,2011,0.165494788,51.14466961,6.803529721,40.89440683,33.16254937,34.10513714,6.59212122,5.6238384,32.77780664,17.54554114,20.94292972,-156.6945684
400,2012,0.229786905,10.31180163,13.95377734,4.877980916,33.12554299,33.9035131,2.887647135,5.925175224,39.09326717,15.58012086,20.94292972,-156.6945684
401,2008,0,13.71486641,6.391692455,0.141237615,29.86295137,16.07239925,1.1836735,17.09655135,63.19893385,2.44844215,20.94384234,-156.693204
401,2009,0.969110745,6.094907123,0,0,4.011085564,12.00361227,0.066666667,87.7242222,0.069444433,0,20.94384234,-156.693204
401,2010,0,6.473599697,3.192029849,0,10.02735323,30.7353535,0.7030303,10.6,54.7555556,3.2060606,20.94384234,-156.693204
401,2011,3.367629516,2.716586544,0,0,3.955910562,15.93333333,1.4,10.86666667,70.06666667,1.733333333,20.94384234,-156.693204
401,2012,1.88903694,2.74315061,0,0.02751883,15.27406506,16.05404768,0.21333335,11.13809523,70.94285715,1.505,20.94384234,-156.693204
402,2008,0,7.445351421,4.815952078,0.887696339,13.19683086,45.61668133,0.682967083,44.46709442,7.240975167,1.910182492,20.94419723,-156.6946716
402,2009,0,1.354641443,4.784610524,6.610127599,104.7435823,25.8,5.3,66.3,0.4,2,20.94419723,-156.6946716
402,2010,4.978579963,0.879201973,3.734100784,13.20034611,18.86247018,33.12594751,1.768253971,7.636896657,51.68318757,4.577777786,20.94419723,-156.6946716
402,2011,4.164455674,3.198331457,4.669385795,17.68944458,22.84365361,35.92487177,2.84999999,9.15743589,43.4057265,7.76641026,20.94419723,-156.6946716
402,2012,0,5.117571172,17.55340848,3.332226292,51.50494751,35.2658947,2.693995313,4.155151513,44.2320667,13.28763379,20.94419723,-156.6946716
404,2008,0,2.134956794,0.657752526,3.162598539,6.36015957,33.96423381,0.831579011,33.27244172,31.66871694,0.175883689,20.94519424,-156.6942596
404,2009,5.464695942,16.57355386,3.305208163,5.718977261,63.22780076,36.14428795,0.8933141,61.51693332,1.112131267,0.266666667,20.94519424,-156.6942596
404,2010,0.881834488,2.215874659,2.118889018,0.608127589,7.450552496,39.68012843,4.100401743,8.896519629,42.53825911,4.242167929,20.94519424,-156.6942596
404,2011,0,6.667373387,3.908341053,0.912575812,15.148436,40.6914286,0.80666668,15.47047618,38.11047618,3.42380952,20.94519424,-156.6942596
404,2012,2.012209843,2.848086796,6.573643046,4.043236336,16.92855166,33.03596689,0.24672465,9.61710973,53.53359006,3.21762318,20.94519424,-156.6942596
405,2008,0,0.364050072,0.71051642,8.463510364,3.832896006,51.14009246,0.12,39.4917135,9.2081941,0,20.9462471,-156.6952655
405,2009,0,3.224745585,8.515370251,0.863014995,15.96087598,49.63528913,1.004081625,48.25960885,0.75,0.3,20.9462471,-156.6952655
405,2010,0.238852291,0.823746439,2.638437709,0.761937771,10.09535657,51.7,2.8,7.24,34.52,3.6,20.9462471,-156.6952655
405,2011,0,1.610662697,12.3364146,2.657610113,7.784409305,31.4080188,2.1435128,12.50821255,47.05354092,4.964147683,20.9462471,-156.6952655
405,2012,0.37817057,4.520305606,16.36957165,29.25075216,12.55344088,42.81846367,0.659829078,9.069434267,37.2133666,8.504143622,20.9462471,-156.6952655
406,2008,0,0.184228235,0,0,5.261967286,36.0530612,0.2,48.122449,15.6244898,0,20.94607654,-156.6936345
406,2009,0,1.457861934,0,0.036195359,1.618350897,10.7573696,0.0680272,89.1079365,0.066666667,0,20.94607654,-156.6936345
406,2011,0,13.18995797,2.33554713,0,8.834308487,11.22285716,0,4.53714286,82.56761906,1.51238096,20.94607654,-156.6936345
407,2008,0,1.032981943,35.27152157,0,14.24186253,54.79371745,1.5894358,22.65521205,13.13690475,7.8247299,20.94717859,-156.6943054
407,2009,4.619073263,35.34544526,13.86109247,0.530041396,59.87389792,35.4922109,3.01833334,59.88863946,1.36,0.24081632,20.94717859,-156.6943054
407,2010,0,0.988088647,0,3.023753709,9.584450435,44.8,2.85,3.05,47.2,2.05,20.94717859,-156.6943054
407,2011,2.682770293,8.940317881,9.985108727,0.800525837,43.35616683,42.30902406,3.21028985,4.07222361,44.96061507,4.80821055,20.94717859,-156.6943054
407,2012,1.082047049,2.794544368,6.674907726,2.589501342,14.24307146,45.34989009,2.230555575,2.309166663,43.98179965,4.987783275,20.94717859,-156.6943054
409,2008,0,7.533672859,0.888145525,0.282475229,18.52113977,44.3155612,1.1875,27.4364796,20.85382655,6.20663265,20.94836836,-156.6941939
409,2009,0,2.326787165,0.007345013,0,4.212339995,43.0276087,1.775710433,53.69041493,1.506265983,0,20.94836836,-156.6941939
409,2010,4.142106691,3.089124335,8.310232206,0.121460887,16.19784716,41.09259258,2.759259267,6.588888883,46.94074073,2.416666667,20.94836836,-156.6941939
409,2011,6.012010142,6.665575296,17.93455416,1.259174701,20.04099877,39.68615388,2.25582418,1.49333332,37.88307692,18.1482784,20.94836836,-156.6941939
409,2012,34.12526034,7.028328934,28.0188188,37.99988889,31.65621745,35.38124229,2.133251585,3.816239323,44.65256219,13.59875592,20.94836836,-156.6941939
411,2008,1.908062564,2.068442141,10.12147922,2.636181289,10.34664346,31.80186303,0.696620783,41.00660635,15.80106402,10.59640992,20.94940957,-156.6938009
411,2009,0,56.44829442,19.59152841,1.46209518,106.179287,52.9570985,2.145691633,40.87627673,3.682044267,0.3388889,20.94940957,-156.6938009
411,2010,0,0.177250618,0,0,8.818645855,27.8,8.6,0,51.9,9.8,20.94940957,-156.6938009
411,2011,0.480273629,4.750018557,9.458649002,1.111914793,12.7209948,37.51309524,4.429166663,2.554166663,45.60714286,9.5672619,20.94940957,-156.6938009
411,2012,4.078858593,3.657540515,38.14077613,0.540971411,23.30864123,26.04285718,0.6,16.73333335,44.42380953,11.66666668,20.94940957,-156.6938009
412,2008,1.360356691,3.470953343,6.366106008,1.067598697,11.1571992,47.28023157,0.206862744,31.85050687,12.54333723,8.105989678,20.9505959,-156.6932924
412,2009,1.689102678,7.318868192,9.068167268,0.245537556,14.67046649,42.24948701,2.6721726,54.21050753,0.667832843,0.2,20.9505959,-156.6932924
412,2010,1.300816908,5.36151922,9.284812147,1.82268611,10.21312803,37.98823529,5.970588235,6.6,42.75882353,6.441176471,20.9505959,-156.6932924
412,2011,3.194906862,7.078986765,12.4502429,8.524226644,21.16663997,42.12550783,4.225252527,9.351515145,37.01056722,6.929581527,20.9505959,-156.6932924
412,2012,7.928918731,6.554571942,22.03269386,3.400169923,53.13492368,35.85987143,1.793544975,4.096362433,48.61847271,9.151007708,20.9505959,-156.6932924
414,2009,1.296574277,12.57396114,10.88071364,2.557572404,69.39044329,35.88005566,9.930649786,52.8302699,0.828571429,0.530453214,20.95156241,-156.6922529
414,2010,0,28.71630428,8.611276771,1.217285315,53.36955292,36.7,12.15,0.35,44.85,5.65,20.95156241,-156.6922529
414,2011,8.196821344,1.391455911,11.49112725,0.572920963,17.99946304,38.91111113,3.622222233,5.8,43.15555557,8.477777767,20.95156241,-156.6922529
414,2012,6.699823969,7.440609304,18.95842981,1.737614408,25.95467273,37.90046371,0.784765236,1.375128218,48.17985402,11.08420606,20.95156241,-156.6922529
415,2010,0,0.747455249,2.779025493,0,17.19441294,31.1,8.9,25.9,28.1,6,20.95271945,-156.6915683
415,2011,0,0.346252072,1.915063788,0.583151868,20.53558423,26.64542125,0,8.7047619,59.5260073,3.76190475,20.95271945,-156.6915683
415,2012,2.523582369,5.976920211,22.20408195,0.149073053,11.52001776,40.4442857,0.937777783,2.5752381,49.05111112,6.0252381,20.95271945,-156.6915683
423,2002,1.37740847,5.782667288,1.396132063,0.003470418,15.11999495,14.66666667,8.8,9.466666667,59.46666667,6.933333333,20.99980959,-156.6669309
423,2006,14.10048573,11.24334679,9.174279596,0.316492072,9.233966445,0.8,13.20363636,30.41272727,45.45515152,8.688484849,20.99980959,-156.6669309
423,2007,1.49708614,2.669344078,0.664279625,0.084615808,18.38749912,27.90187869,3.980246914,12.28985507,43.85593129,9.305421363,20.99980959,-156.6669309
424,2002,4.660519325,3.233409076,4.448701999,0,26.76385972,31.4,6.8,4.6,53.8,3.2,21.00055899,-156.6681412
424,2006,1.058903874,1.680146366,0.842712174,0,15.07460187,17.4,4.6,5.8,56.8,10.2,21.00055899,-156.6681412
424,2007,0,1.692538743,0.246472258,0.170627045,14.54809491,42.8,5.6,6.2,33,10.4,21.00055899,-156.6681412
424,2013,1.493997207,2.414159569,0.741232429,0.07545705,6.018101,30.3115942,0.295289855,9.583405797,57.36688406,1.78615942,21.00055899,-156.6681412
425,2002,0.00293244,9.936018835,0,0,5.076839537,0,17.92,36.96,43.68,0,21.00271646,-156.6712153
425,2006,0.026247943,12.08598175,0,18.08496602,9.591691345,1.68,20.8,38.96,34.72,1.76,21.00271646,-156.6712153
425,2007,0.455563781,3.216963429,0.449547644,12.01091229,12.6983471,1,20.33333333,32.13333333,35.26666667,0.6,21.00271646,-156.6712153
425,2010,0.042243753,11.3769346,4.023880662,11.90090219,2.552979414,0.340136071,22.15855573,31.34222919,44.70957612,0.340136071,21.00271646,-156.6712153
427,2002,0.143025156,0.114966337,0,0,3.913208298,0,17.2,70,11.2,0.4,21.00284307,-156.673393
427,2006,0,3.165698435,0,0,0.365141552,0,34.4,43.2,12.8,0,21.00284307,-156.673393
427,2007,0.061564632,10.23395124,0,30.13872907,4.417321278,0,44,32,16.4,0,21.00284307,-156.673393
427,2012,0,2.647204288,0.608366725,2.843767009,3.269990969,3.999999904,35.33333334,8.666666709,48.66666675,0,21.00284307,-156.673393
428,2002,0.123129264,0,0,28.65689921,4.713007851,0,16,74.4,9.6,0,21.00465287,-156.6729385
428,2006,0,0,0,0,5.399241389,0,37.6,62.4,0,0,21.00465287,-156.6729385
428,2007,0,9.497095304,0,0,0.405392675,0,67.2,16.8,8.8,0,21.00465287,-156.6729385
429,2002,0.206503502,4.245835172,0.010294423,0.164716863,6.782343093,2.2,14.6,35.4,46.2,0.2,21.00568101,-156.6588088
429,2006,0.682022549,4.842340587,0,0,8.668514683,7.355555556,16.61269841,17.02222222,54.59285714,3.8,21.00568101,-156.6588088
429,2007,0,19.23489248,0,0.302176157,8.698507829,6,7.7,15.9,64.4,3.4,21.00568101,-156.6588088
430,2002,0,0,0,0,5.686650586,1.8,11,38.6,48,0.4,21.00588802,-156.6681394
430,2006,0,0,0,0,8.742533735,1.4,9.2,37.6,46.6,4.8,21.00588802,-156.6681394
430,2007,0,0.071953458,0,0,4.18357903,4.880034057,2.64691358,39.66079183,33.15419327,7.54397616,21.00588802,-156.6681394
430,2008,2.569346456,22.23149976,38.50395894,0,11.33207444,16.48224043,4.972677596,3.736338798,66.57786885,8.230874319,21.00588802,-156.6681394
431,2002,1.801587714,0.072620721,0,0,8.34245612,4.8,10.4,44.8,39.2,0.8,21.00627548,-156.6569453
431,2006,0,0.028412918,0,0,1.446734484,3.6,13.2,31.6,46.4,4.4,21.00627548,-156.6569453
431,2007,0.144946568,0.194556366,0,0,2.698308457,6.4,9.2,25.2,50,8.4,21.00627548,-156.6569453
432,2002,1.652808005,1.99767682,10.64047076,0.505224523,17.71393645,30.66666667,2.133333333,1.066666667,62.13333333,3.733333333,21.00632827,-156.6653828
432,2006,2.333066919,22.74863142,3.533033631,0,18.02862866,17.80392157,15.45098039,18.08627451,35.46666667,11.85882353,21.00632827,-156.6653828
432,2007,1.747119355,17.9778866,0.232653374,0.065944017,35.58436825,15.46666667,12.8,9.333333333,52,9.6,21.00632827,-156.6653828
433,2002,0,1.898620357,0.002749549,0.423559671,5.014240103,2.4,35.46666667,13.06666667,47.46666667,1.6,21.00699842,-156.6503068
433,2006,0,5.856531816,0,0,14.76626713,1.758730159,35.2,23.13650794,28.22857143,7.80952381,21.00699842,-156.6503068
433,2007,16.24821393,2.209061092,0,0,5.752301936,5.266666667,21.26666667,15.46666667,49.2,6.133333333,21.00699842,-156.6503068
434,2002,0.003695349,1.486616908,5.83071457,0,12.33147386,10.8,18.8,0.4,66.4,3.2,21.00772559,-156.6550378
434,2006,0,2.193258913,0,0,3.634604243,20.4,16,13.6,38.8,10.4,21.00772559,-156.6550378
434,2007,0.69273785,5.404859275,0,0,9.484749176,20.8,12.4,3.6,52.8,10,21.00772559,-156.6550378
435,2002,0,0,0,0,3.127778249,1.6,28.8,17.6,52,0,21.00822304,-156.6501881
435,2006,0,0,0,0,0.153390604,2.4,34.4,36,19.2,8,21.00822304,-156.6501881
435,2007,0,0,0,0,0.040522526,0,21.6,20,52.8,3.2,21.00822304,-156.6501881
435,2012,0,0,0.014497523,0,6.392915552,2.000000002,5.000000005,23.00000002,68.00000007,0.3333333,21.00822304,-156.6501881
436,2002,0.021993303,2.496763714,0,0,9.247372994,12.4,18.8,4.8,63.2,0.4,21.00928902,-156.6512004
436,2006,0,1.361997959,0.005335554,0,10.29978604,10.06666667,27.33333333,19.23333333,34.15,8.416666667,21.00928902,-156.6512004
436,2007,0.112142089,10.87563188,0,0,9.995541421,8,27.2,9.6,51.2,2.8,21.00928902,-156.6512004
437,2002,0.008553904,1.480268411,0.013403116,0.023763996,15.20019028,12.26666667,21.06666667,13.86666667,48.26666667,3.733333333,21.00980747,-156.6572808
437,2006,0.009572501,6.539867644,0.03710141,0,68.99034595,12.53333333,12.53333333,32.53333333,34.13333333,6.666666667,21.00980747,-156.6572808
437,2007,0.767282951,0.40181057,0.109954001,0,13.97682452,12.62222222,17.33333333,26.4,38.13333333,2.933333333,21.00980747,-156.6572808
438,2002,0,5.119414316,0,0,7.161882464,9.6,36.8,6.4,44.8,2.4,21.01007691,-156.6464663
438,2006,0,5.496779792,0,0.196513568,9.519451161,4.8,18.4,26.4,39.2,7.2,21.01007691,-156.6464663
438,2007,0,7.577772167,0.595414427,0,6.602090811,12,13.6,14.4,47.2,11.2,21.01007691,-156.6464663
439,2002,0,0,0,0,6.431455783,6.4,40,0,52,1.6,21.01167928,-156.6480664
439,2006,0,0,0,0,14.38303957,3.2,33.6,6.4,42.4,2.4,21.01167928,-156.6480664
439,2007,0,0,0,0,9.877328273,0,35.2,4,48.8,0.8,21.01167928,-156.6480664
439,2012,0.489838825,1.475663277,0.689579902,0,6.893038051,8.361204069,2.341137087,6.688963235,79.26421394,2.675585314,21.01167928,-156.6480664
440,2002,11.58280958,71.08960288,2.669467576,2.465453764,17.93146636,9.6,18.97142857,3.771428571,64.57142857,3.085714286,21.0121677,-156.6441248
440,2006,11.31716853,20.6254186,2.889810853,4.583304542,10.86026874,17.04285714,9.321428571,6.367857143,45.88214286,18.64285714,21.0121677,-156.6441248
440,2007,10.54622509,23.4464061,0.855107327,7.978165029,19.3805945,13.54666667,15.94666667,4.32,49.81333333,15.04,21.0121677,-156.6441248
441,2002,0.004887401,4.266769953,0.3969512,0,16.54938861,6.4,24.8,4.8,59.73333333,4.266666667,21.01271004,-156.6460196
441,2006,0,1.134948129,0.518160114,0.185327715,19.9368299,5.560493827,11.94074074,13.29382716,61.36296296,6.528395062,21.01271004,-156.6460196
441,2007,0,1.053536144,1.101311145,0,18.7558274,8.8,12.2,15.5,55.8,7.2,21.01271004,-156.6460196
442,2002,42.79300517,38.15746514,37.5532509,2.872950813,32.18788238,14.7,8.7,16.4,51.1,8.9,21.01386072,-156.6412703
442,2006,48.32059602,15.59494541,19.73432192,6.376290897,25.04148997,20.57692308,5.196153846,10.1,53.54230769,7.584615385,21.01386072,-156.6412703
442,2007,48.40657716,14.21079833,10.15534419,0.257854605,42.79427004,17.04615385,3.513461538,9.696153846,60.00576923,8.138461539,21.01386072,-156.6412703
443,2000,32.48602824,37.33290457,19.64066689,0.855754288,34.09336056,21.94190476,4.77,4.091428571,55.79,13.33333333,21.01421406,-156.63904
443,2002,11.47349037,15.68810286,5.815403832,5.489927942,26.88239251,18.05714286,4.571428571,22.85714286,52.22857143,2.285714286,21.01421406,-156.63904
443,2006,3.124196367,22.11551148,3.850451359,1.202373646,18.80084881,23.2,3.2,21.82857143,42.51428571,8.228571429,21.01421406,-156.63904
443,2007,10.73563905,11.64068677,12.98243535,5.50500401,40.84640351,22.94285714,3,13.05714286,52.17142857,8.028571429,21.01421406,-156.63904
444,2002,6.06577593,13.75121828,7.480439434,2.461437597,25.85239162,24.16,15.2,0.16,54.4,4.32,21.01568165,-156.6403967
444,2006,3.91170731,71.39073183,17.19416164,4.070506599,66.37512873,23.49538462,19.31076923,20.8,21.76,14.31384615,21.01568165,-156.6403967
444,2007,4.996829212,43.12159105,12.8858488,4.465461025,35.85918631,40.81777778,6.388148148,2.4,32.21333333,17.38074074,21.01568165,-156.6403967
507,2006,3.719567985,1.390114474,0,4.917082561,27.66649385,1.461538461,15.07692308,1.769230769,77.84615385,3.384615385,21.17179184,-156.9212412
507,2007,15.83062487,12.50286249,1.493191135,3.26057477,19.8691833,0.961538462,16.76923077,1.192307693,76.53846154,2,21.17179184,-156.9212412
507,2008,1.219218615,0.186219034,0.233998601,0.543170137,12.51154733,1.384615385,24.76923077,2,69.6923077,1.230769231,21.17179184,-156.9212412
507,2009,12.27607453,1.398808469,1.293345629,4.838509215,20.14980765,1.384615385,64.19230769,1.307692308,28.23076923,3.461538462,21.17179184,-156.9212412
507,2010,0.114658368,0.608129732,52.69835543,18.17330071,16.70460707,1.384615385,60,2.769230769,34.61538462,1.230769231,21.17179184,-156.9212412
507,2011,200.150778,0.704817047,0,8.43552848,25.15168534,1.230769231,26.84615384,0.307692308,66.23076923,2.769230769,21.17179184,-156.9212412
507,2012,18.63932274,0.196768356,0,0,15.71617972,0.923076923,69.15384615,0.153846154,26.15384615,1.692307692,21.17179184,-156.9212412
507,2013,0,1.431880728,0.04631117,9.017603215,23.34138467,0.923076924,2.692307693,0.384615385,94.76923077,1.153846154,21.17179184,-156.9212412
507,2014,3.824105967,4.606170005,17.16759628,0,10.44600789,2,0.076923077,0.307692308,91.84615385,5.769230769,21.17179184,-156.9212412
507,2015,1.827884793,18.94896958,100.9399203,0,10.09148375,5.769230769,3.076923077,0.307692308,85,5,21.17179184,-156.9212412
508,2006,0,2.385605497,22.345812,0,34.21996335,0.76923077,7.76923077,0.615384615,89.84615385,0.461538462,21.17182787,-156.9160992
508,2007,8.986670911,55.22541595,9.342361219,13.21537544,19.85118816,1,5.307692308,4.461538462,88.38461538,0.538461538,21.17182787,-156.9160992
508,2008,2.611370612,0.259372429,55.38514981,4.123083872,24.80718549,0.64,14.08,2.24,82.16,0.4,21.17182787,-156.9160992
508,2009,11.55606933,90.60141849,41.646557,42.12436824,57.96347694,0.153846154,48.84615384,0.730769231,49.15384615,0.692307693,21.17182787,-156.9160992
508,2010,4.115217809,16.34359667,90.97755497,12.54139297,23.20303962,0.846153846,65.61538462,1.615384615,31.61538462,0.307692308,21.17182787,-156.9160992
508,2011,4.624434244,9.852665598,1.874257784,0,24.67064283,0.076923077,20.07692308,3.076923077,74.61538462,0.230769231,21.17182787,-156.9160992
508,2012,8.024677157,44.41778925,22.78539445,6.741431447,31.54720728,0.384615385,63.46153846,0,35.46153846,0.384615385,21.17182787,-156.9160992
508,2013,6.084237821,0.90859159,52.40046191,23.8200613,49.62750035,0.692307692,1.461538462,0.461538462,93.92307692,3.230769231,21.17182787,-156.9160992
508,2014,0.857459067,52.99377147,36.87254006,0.097260183,28.93038395,0.384615385,4.769230769,2.230769231,89.53846154,3,21.17182787,-156.9160992
508,2015,0.666777656,40.38143471,225.4629079,1.29276,51.58478301,1.230769231,0.923076923,1.307692308,93.38461538,1.923076923,21.17182787,-156.9160992
522,2010,0,73.31368818,0,0,22.28772027,3.615384615,4.307692307,2.461538462,87.15384615,2.230769231,21.18033558,-156.94614
522,2011,60.9545462,18.307555,125.6419698,25.67763224,37.32759211,3.846153846,8.76923077,0.307692308,83.30769231,2.307692308,21.18033558,-156.94614
522,2012,14.21796263,28.68985663,125.7805021,16.0384561,49.49269192,3.461538462,2.769230769,4.461538462,85.92307692,2.384615385,21.18033558,-156.94614
525,2009,0,0.999415206,0,251.5652691,59.6108445,0,30.46153846,4.076923077,63.07692308,0.923076923,21.18258962,-157.0037723
525,2010,12.52172038,33.10880974,6.069022652,35.22064087,34.87289955,2.076923077,19.15384615,4.307692308,62.07692308,0.615384615,21.18258962,-157.0037723
525,2011,146.9654866,120.7221427,1.498393383,28.31898294,98.07985399,1.692307693,15.46153847,6.615384615,72.53846154,1.230769231,21.18258962,-157.0037723
525,2012,33.37227571,33.0062823,0.031125072,5.258849615,124.2283361,6.076923077,13.76923077,0.153846154,71.46153846,4.846153846,21.18258962,-157.0037723
527,2006,0,100.1323377,0.040354136,0,24.76657688,6.923076923,6,0,83.61538462,3.153846154,21.18428066,-156.9477491
527,2007,3.727503355,8.897553078,18.39319571,5.690369687,9.103766604,5.692307692,12.23076923,1,78.84615385,2.153846154,21.18428066,-156.9477491
527,2008,20.2694466,165.5443958,33.31861495,2.930106907,27.93132384,7.26923077,23.61538462,0.153846154,63.92307692,3.423076923,21.18428066,-156.9477491
527,2009,16.51683606,3.052980933,16.71468487,0.968023858,26.18463664,3.923076924,10.88461538,2.576923077,78.26923077,2.923076923,21.18428066,-156.9477491
527,2010,6.491608888,63.06890859,23.90079046,1.724092055,16.84112874,6.923076924,10.65384615,1.346153846,75.61538462,3.846153846,21.18428066,-156.9477491
527,2011,8.096951488,16.25662184,61.55064601,0.713491619,19.11220363,4.76923077,11.30769231,0.923076923,78.61538462,2.615384615,21.18428066,-156.9477491
527,2012,93.84984002,5.238564697,0,0,22.3971223,5.692307692,3.000000001,1.923076923,83.92307692,2.923076923,21.18428066,-156.9477491
527,2013,4.463756588,9.799811532,151.140299,0,24.93289255,3.846153846,0.461538462,0.307692308,90.53846154,3.461538462,21.18428066,-156.9477491
527,2014,2.908765367,22.55371712,4.970708354,9.428684317,13.41865778,4.307692307,3.692307692,0.846153846,77.23076923,11,21.18428066,-156.9477491
527,2015,23.10405589,8.206672481,2.069423568,16.86815235,19.56514806,5.307692308,2.538461538,0.153846154,84.38461538,5.538461538,21.18428066,-156.9477491
532,2006,17.51927236,0.705853457,52.69835543,0,12.12394886,5.076923078,16.23076923,2.076923077,72.92307692,2.769230769,21.18609263,-157.0132144
532,2007,32.59460123,98.66538995,53.05015595,12.61778793,76.82231403,4.423076924,8.615384617,3.730769231,76.96153846,1.153846154,21.18609263,-157.0132144
532,2008,52.18123906,43.24599101,38.59709829,0,21.88781293,2.76923077,33.46153846,2.730769231,58.46153846,1.461538462,21.18609263,-157.0132144
532,2009,46.3503518,4.564774276,0,9.60127326,8.562455733,2.461538462,49.84615385,2.153846154,43.84615385,0.692307692,21.18609263,-157.0132144
532,2010,1.447512707,2.895128243,4.462704208,10.66361413,24.33140084,3.230769231,26.73076923,3.153846154,62.5,1.423076923,21.18609263,-157.0132144
532,2011,43.92407357,8.364868065,18.3578878,7.35242404,13.00863981,4.461538462,9.692307694,2.153846154,79.15384615,2.769230769,21.18609263,-157.0132144
532,2012,16.88521658,0.828195062,26.71844356,0,58.05267039,1.769230769,51.23076923,0.384615385,44.30769231,1,21.18609263,-157.0132144
532,2013,29.97722731,0.071296338,0,0.104575927,13.67234515,2.769230769,2.230769231,2.153846154,87.61538462,4.615384615,21.18609263,-157.0132144
532,2014,13.02513717,4.54350856,0,1.436036522,16.02698818,4,2.96,5.44,80.8,5.28,21.18609263,-157.0132144
532,2015,17.67191164,4.61048155,0,4.123083872,7.173938364,4.461538461,1.615384616,1.384615385,85.38461538,2.307692308,21.18609263,-157.0132144
535,2006,0,229.8622472,0,29.90589375,72.00143793,1.846153846,5.307692309,1.538461538,85.76923077,4.846153846,21.18766609,-156.9469031
535,2007,1.077425289,97.24668641,83.83094912,23.35961505,29.77000359,5.230769231,4.76923077,2.461538462,86.07692308,1.230769231,21.18766609,-156.9469031
535,2011,10.58998698,117.3665836,2.020433058,0,63.76806555,2.461538462,9.307692308,2.846153846,82.23076923,0.692307692,21.18766609,-156.9469031
536,2006,24.01578137,17.38536405,0,0,13.17824786,0.615384615,11.15384615,4.769230769,81.92307692,1.230769231,21.18705078,-157.0155897
536,2007,12.45134612,46.75833852,19.75937602,5.577815553,54.94173338,2.576923077,11.23076923,10.76923077,70.96153847,0.692307693,21.18705078,-157.0155897
536,2008,17.58890092,37.58359211,5.125323691,13.0959307,28.34030978,0.615384616,42.38461539,6.807692308,48.88461539,0.653846154,21.18705078,-157.0155897
536,2009,10.10832075,0.256575587,0,0,22.83065902,0.076923077,35.84615385,6.923076923,55.92307692,0.307692308,21.18705078,-157.0155897
536,2010,8.864524788,0.56478225,0,29.53889034,24.42994681,0.384615385,22.46153846,10.69230769,63.53846154,1.230769231,21.18705078,-157.0155897
536,2011,10.01334135,26.28216192,0,0,14.07604279,0.461538462,17.53846154,10.23076923,68.15384615,1.153846154,21.18705078,-157.0155897
536,2012,6.115019227,10.64680432,0.020832528,0,34.68833668,0.692307693,49.26923077,5.269230769,42.30769231,0.576923077,21.18705078,-157.0155897
536,2013,17.51927236,1.041287034,8.014323666,0,12.24403532,0.230769231,16.15384615,9.076923077,73.61538462,0.307692308,21.18705078,-157.0155897
536,2014,0,33.58148794,0,32.44379045,46.03996945,0.769230769,1.076923077,2.384615385,95.23076923,0.153846154,21.18705078,-157.0155897
536,2015,0.35381921,1.555178373,0,27.86265312,22.74026202,0.769230769,0.692307693,7.230769231,89.92307692,0.615384615,21.18705078,-157.0155897
537,2008,160.0915499,177.8448225,55.86810497,2.052855,164.8923951,5.692307693,40.07692307,0,51.30769231,2,21.18710865,-157.0243809
537,2010,6.277907496,44.83394159,55.55679063,7.791894363,47.30262531,5.692307692,23.84615385,0.846153846,64.69230769,3.692307692,21.18710865,-157.0243809
537,2011,132.466041,2.90733981,34.83478201,5.690369687,54.56649553,1.769230769,14.30769231,2.923076923,76.15384615,3.461538462,21.18710865,-157.0243809
538,2006,81.81388138,14.53183566,20.89269379,8.750085251,78.53994238,8.307692308,3.5,0.115384616,83,4.461538462,21.18918456,-156.9477488
538,2007,1.526684474,27.012756,0,3.317080965,57.30806984,9,15.30769231,0.615384615,73.53846154,1.307692308,21.18918456,-156.9477488
538,2008,1.679663005,136.0316124,93.97563774,4.012741962,83.93137883,6.384615384,14.69230769,1.307692308,72.61538461,2.153846154,21.18918456,-156.9477488
538,2009,62.00540738,7.85019132,0,18.27928446,45.29927113,5.192307692,8.884615386,5.576923077,76.76923077,2.615384615,21.18918456,-156.9477488
538,2010,6.712303553,75.08909495,54.28653632,33.07664023,39.1218414,5.615384616,12,2.692307692,71.38461538,4.615384615,21.18918456,-156.9477488
538,2011,8.571813439,47.38231649,31.31016429,18.17330071,37.4031521,6.307692308,15.61538462,1.769230769,66,3.615384615,21.18918456,-156.9477488
538,2012,131.0120936,101.117058,24.48177062,49.66617038,44.121828,2.814526938,4.429911502,1.404985242,84.38220322,3.429911554,21.18918456,-156.9477488
538,2013,149.0916256,109.7155734,25.34615469,9.653251765,62.56598947,5.634957993,2.662962522,0.115384616,83.55880951,6.252487637,21.18918456,-156.9477488
538,2014,9.709347424,52.29687436,18.52921098,19.81797694,30.00132634,5.076923077,0.76923077,0.384615385,77.23076923,15,21.18918456,-156.9477488
538,2015,0,63.80465615,0,57.99007738,72.62662582,7.846153846,5,0.461538462,81.92307692,4.384615385,21.18918456,-156.9477488
540,2006,14.5521658,93.03814748,41.283132,6.684959232,24.87418169,12.07692308,1.769230769,0.153846154,82.92307692,2.384615385,21.19179127,-156.9489646
540,2007,48.62240874,1.31339003,0,0,20.83834594,11.69230769,11.76923077,1.923076923,73.23076923,1.153846154,21.19179127,-156.9489646
540,2008,14.04270553,9.649242634,0.721593606,3.52664928,36.20941311,15,23.53846154,1.615384615,54.46153846,1.384615385,21.19179127,-156.9489646
540,2009,8.796373985,5.869018259,0,1.29276,31.45503719,7.692307693,9.692307693,1,73.69230769,5.461538462,21.19179127,-156.9489646
540,2010,66.75676913,15.87227643,0,12.08192321,34.69477666,6.538461539,11.07692308,1.692307692,70.92307692,6.307692308,21.19179127,-156.9489646
540,2011,11.24576383,27.48645046,8.784864677,11.87811034,137.9084361,6.307692308,12.92307692,0.769230769,71.76923077,3.846153846,21.19179127,-156.9489646
540,2012,82.15304774,44.95155151,3.988309603,0,36.77371056,9.487692308,4.053846154,1,72.28,6.750769231,21.19179127,-156.9489646
540,2013,49.87475436,2.039011469,21.34252356,18.09554903,30.99317051,8.769230769,3.153846154,0,73.30769231,12.84615385,21.19179127,-156.9489646
540,2014,11.65440241,8.080219473,0.522726786,14.91038002,22.77641887,7.153846154,4.846153846,1.769230769,56.84615385,26.84615385,21.19179127,-156.9489646
540,2015,65.80904336,86.11942778,80.08589997,0.543170137,31.63084987,9.000000001,7.461538461,0.615384615,73.61538462,8,21.19179127,-156.9489646
541,2006,18.75504615,68.38216359,34.22883081,7.998055587,33.69218199,14.88,1.36,1.2,76.48,5.52,21.19388382,-156.9506874
541,2008,39.51543014,18.34745212,8.886028731,31.6919095,54.05926904,18.6923077,17.23076923,0,44.30769231,14.92307692,21.19388382,-156.9506874
541,2011,41.31581295,51.46819651,3.040183681,5.718712484,28.65240181,5.769230769,22.46153847,0,50.23076923,17.84615385,21.19388382,-156.9506874
543,2006,125.5630757,19.78603177,0,0,61.36747323,5.307692308,4,0.615384615,68.92307692,4,21.19380061,-156.9868693
543,2007,131.5338077,15.27241412,0,8.055262441,60.77095382,4.538461538,2.230769231,1.769230769,80.69230769,0.384615385,21.19380061,-156.9868693
543,2008,124.7731264,4.329329612,0,6.723374098,47.32497779,4.230769231,5.384615386,0.384615385,74.61538462,1.769230769,21.19380061,-156.9868693
543,2009,42.85432995,3.004352321,1.459113516,1.02262493,38.5764077,4.307692308,3.384615386,2.307692308,66.61538462,1.307692308,21.19380061,-156.9868693
543,2010,92.99847298,29.74763986,0,0,25.20390058,3.153846154,6.692307693,0.230769231,49.84615385,1.846153846,21.19380061,-156.9868693
543,2011,9.609108063,4.245549895,26.71408526,0,66.14467518,2.538461539,10.23076923,0.846153846,64.76923077,4.153846154,21.19380061,-156.9868693
543,2012,14.64144445,14.81746519,4.625036717,10.17435985,51.76796516,0.769230769,3.769230769,4.076923077,88.07692308,1.230769231,21.19380061,-156.9868693
543,2013,15.72429631,21.83866355,0,0,40.34033659,3.305149885,1.152959261,0,93.85088394,1.152959262,21.19380061,-156.9868693
543,2014,116.2749856,11.80761555,35.36415872,4.368958154,64.05279286,2.153846154,1.76923077,0.076923077,94.61538462,0.769230769,21.19380061,-156.9868693
543,2015,51.16393286,7.737656407,0,6.741431447,14.82469597,1.384615384,0.846153847,0.769230769,77.38461538,6.307692308,21.19380061,-156.9868693
544,2006,8.996472117,9.104705492,0.633719544,3.376355079,68.68793975,17.4074074,2.888888888,0.222222222,73.03703704,5.555555556,21.19635973,-156.952464
544,2008,0,68.70172974,0,4.753117487,14.6125274,14.92307692,26.69230769,0.153846154,53.15384615,3.384615385,21.19635973,-156.952464
544,2010,28.16754062,81.66549963,33.68840069,11.034071,61.79923527,5.961538462,17.69230769,0.423076923,61.26923077,10.23076923,21.19635973,-156.952464
547,2006,14.12308722,28.00034129,14.90008257,1.164095503,62.94205656,7.807692309,2.76923077,0.307692308,65.76923077,2.653846154,21.19911133,-156.9876544
547,2007,15.15376722,80.80592151,20.19565501,12.76928429,32.81745577,7.961538462,6.923076924,0.769230769,69,0.884615385,21.19911133,-156.9876544
547,2008,15.65076428,30.38575826,0,1.758024974,20.97665092,6.48,14.88,0.16,50.72,0.64,21.19911133,-156.9876544
547,2009,6.580342259,2.640676383,1.335893288,127.2368784,30.02941273,6.384615385,2.846153846,1.076923077,85.53846154,0.846153846,21.19911133,-156.9876544
547,2010,16.1569857,68.00062613,2.495352646,8.87937014,17.05575626,5.692307693,5.076923078,0.461538462,56.38461538,1.384615385,21.19911133,-156.9876544
547,2011,11.6356085,18.53951122,0,21.14080101,39.05787685,5.384615385,6.076923078,1.153846154,45.76923077,1.615384615,21.19911133,-156.9876544
547,2012,23.13162962,14.11744424,26.18839908,5.11853476,55.11097754,4.692307692,7.153846154,3.384615385,75.38461538,2.538461538,21.19911133,-156.9876544
547,2013,33.92460216,38.12430636,3.112231333,0,28.20332222,4.461538462,0.461538462,3.153846154,89.92307692,0.923076923,21.19911133,-156.9876544
547,2014,97.42666622,42.38026483,36.22749508,13.47229097,11.2143949,3.23076923,0.692307692,1.769230769,90.07692308,1.461538462,21.19911133,-156.9876544
547,2015,0,14.66734585,11.38541894,4.395183093,22.62771829,2.384615385,1.076923078,0.076923077,92.53846154,0.615384615,21.19911133,-156.9876544
548,2006,27.759514,69.89955623,31.99054807,16.69314168,45.48792896,13.69230769,3.076923078,0,77.15384616,5.423076923,21.19950203,-156.9547712
548,2007,1.405340636,17.23402615,0,2.395033391,22.24384814,3.846153846,14.53846154,0.461538462,77.15384615,3.615384615,21.19950203,-156.9547712
548,2008,0.839831502,116.5953566,56.84276176,12.35897726,76.69053519,4.384615385,26.57692308,0.653846154,65.53846154,1.423076923,21.19950203,-156.9547712
548,2009,0,3.947970639,14.60333396,0,21.90199675,3.153846154,6.307692308,0.923076923,84.30769231,4,21.19950203,-156.9547712
548,2010,15.8983744,31.12841081,35.66530477,7.762572985,91.90269306,5.423076923,11.46153846,0.461538462,76.92307693,2.846153846,21.19950203,-156.9547712
548,2011,0.036248909,1.948996455,10.24195376,1.436036522,15.50089681,5.23076923,17.69230769,0.230769231,72.46153846,2.692307692,21.19950203,-156.9547712
548,2012,115.5598239,55.70165327,8.217113553,7.027318472,89.27336153,6.692307693,2.384615386,0.153846154,83,4.346153847,21.19950203,-156.9547712
548,2013,23.20184805,49.50475562,52.44802114,8.820965272,36.09055498,9.538461539,1.76923077,0,76.15384615,10.61538462,21.19950203,-156.9547712
548,2014,1.679663005,50.24289408,2.226578201,4.920984159,19.02262169,8.153846154,1.615384615,0.846153846,71.76923077,14.38461538,21.19950203,-156.9547712
548,2015,1.235973197,59.99050325,5.060616738,2.925770294,16.03194938,5.307692308,2.846153846,0.153846154,86.30769231,4.461538462,21.19950203,-156.9547712
549,2009,16.51927127,15.11412637,5.637179055,12.24574098,103.5345534,9.384615385,5.230769232,0.153846154,76.76923077,5.769230769,21.20330558,-156.9864516
549,2011,492.013513,24.43689246,80.06978357,13.41278631,77.12698072,13.6923077,6.230769231,0.307692308,66.61538462,0.846153846,21.20330558,-156.9864516
549,2012,142.2947529,47.33278554,0.965949213,13.47229097,52.2388656,7.076923077,5.230769231,0.307692308,78.30769231,4.230769231,21.20330558,-156.9864516
550,2006,11.17667388,18.58719241,42.04466955,27.14037989,73.77808638,16.69230769,1.923076923,1.538461538,74.53846154,4.692307692,21.20374606,-156.9565859
550,2009,94.2038841,1.817928032,6.580539063,0,255.8011084,14.07692308,4.538461538,3.076923077,72.38461538,3.461538462,21.20374606,-156.9565859
550,2011,124.8162964,34.16828144,16.95454283,16.7615336,62.33011046,17,11.34615385,0.576923077,57.11538462,9.69230769,21.20374606,-156.9565859
552,2006,36.82203616,29.61834997,4.913894869,17.32738973,89.86372137,17.07692308,0.692307693,1.692307692,67.53846154,12.53846154,21.20672224,-156.9570947
552,2007,46.1082756,23.80356104,52.38913509,28.48934602,110.7621,17.92307693,21.03846154,0.115384616,48.5,11.69230769,21.20672224,-156.9570947
552,2008,4.76199693,83.84715834,99.53129731,24.83951743,48.11088281,19.92307692,35.38461539,0.076923077,40.30769231,2.769230769,21.20672224,-156.9570947
553,2006,69.6144348,0.916249305,0.134049988,0,13.00286601,9.846153846,4.230769231,0,79.76923077,5.384615385,21.20735798,-156.98396
553,2007,10.76286572,12.47158362,20.21302132,0,26.40325788,9.923076923,23.61538462,0,58.07692308,6.230769231,21.20735798,-156.98396
553,2008,3.935446627,0.214582034,0.105548347,7.831381565,7.372463542,9.538461538,16,0,54,4.153846154,21.20735798,-156.98396
553,2009,117.2466369,2.915565246,0.024071029,0.883625642,13.74767652,7.76923077,2.461538462,0.230769231,77,9.769230769,21.20735798,-156.98396
553,2010,4.490344278,15.09800017,0,0,34.87985816,8.076923077,15.76923077,0,57.38461538,14.07692308,21.20735798,-156.98396
553,2011,9.548728901,15.48523635,0.024071029,12.10317848,41.11279594,7.923076924,11.61538462,0,62.23076923,16.23076923,21.20735798,-156.98396
553,2012,3.362026649,2.02108238,0.018125238,1.88187552,13.10831097,8.307692308,3.461538462,1.230769231,64.46153846,19.53846154,21.20735798,-156.98396
553,2013,3.383631902,2.490732859,0.326460907,2.708524651,11.04989436,7.76923077,2.307692308,0.538461538,71.84615385,16.07692308,21.20735798,-156.98396
553,2014,1.235973197,5.515383031,0,0,6.121520152,6.846153846,2.230769231,0,58.76923077,29.15384615,21.20735798,-156.98396
553,2015,6.640715793,2.225020494,0.040354136,3.871284134,32.9580717,6.076923077,2.307692308,0,83.38461538,7.538461538,21.20735798,-156.98396
554,2006,0,0,0,1.436036522,2.31541704,8.000000001,4.615384616,0,84.61538462,2.384615385,21.20795021,-156.9828829
554,2007,48.96443981,13.77691187,1.197154009,3.21078374,17.39898391,8.846153847,10.11538461,0.115384616,74.80769231,1.346153846,21.20795021,-156.9828829
554,2008,0,0,0,3.538357008,4.626381943,8.230769231,2.923076924,0,84.07692308,1,21.20795021,-156.9828829
554,2009,0,0.009301383,0.018125238,0,4.174674278,3.76923077,4.384615385,1.923076923,86.30769231,1.230769231,21.20795021,-156.9828829
554,2010,12.70496076,65.52780889,2.003066447,25.80774524,42.22504187,8.076923078,3.615384616,0.192307693,81.30769231,2.576923077,21.20795021,-156.9828829
554,2011,46.25083076,8.569062211,22.00524056,7.109539114,23.10074003,6.807692308,8.692307693,0.884615385,76.96153846,4.192307693,21.20795021,-156.9828829
554,2012,0,0,0.041500095,0,4.702535738,6.76923077,1.923076924,1.846153847,83.46153846,4.230769231,21.20795021,-156.9828829
554,2013,0,0.004607409,0,4.656382011,5.339333294,5.384615385,1.461538462,1.307692308,90.38461538,1.076923077,21.20795021,-156.9828829
554,2014,0,0.505054382,0,3.87209543,5.777044482,6.461538462,0.538461539,0.692307692,86.84615385,4.153846154,21.20795021,-156.9828829
554,2015,0.018673958,0,0,0.713491619,3.645012288,5.692307693,1.538461539,0,91.15384615,0.461538462,21.20795021,-156.9828829
555,2006,119.5211081,18.84305044,41.98128751,12.79817311,85.72895727,15.84615384,1,0,64.84615385,17.76923077,21.20853459,-156.9593659
555,2007,71.64843263,17.36437344,56.97354904,19.51299324,78.73561787,22.8076923,21.61538462,0.884615385,46.38461539,7.846153846,21.20853459,-156.9593659
555,2009,134.235817,103.4733928,0,8.800943184,55.70503364,10.69230769,7.461538462,0.076923077,57.30769231,21.53846154,21.20853459,-156.9593659
555,2010,75.03320327,7.386680508,44.06510261,1.436036522,34.51874506,16.92307693,4.076923077,0.307692308,61.07692308,14.76923077,21.20853459,-156.9593659
555,2012,108.9216769,64.0857519,77.43015687,8.09008138,140.8199206,14.88,2.32,0,54.64,14.64,21.20853459,-156.9593659
556,2006,16.73513715,18.06159734,1.428358805,2.005864751,13.29965272,12.8,3.68,0,73.28,8.56,21.21069233,-156.981844
556,2007,27.83358897,22.11275895,0.628692458,2.677764064,16.28108991,17.11538462,16.88461539,0,59.46153846,2.846153846,21.21069233,-156.981844
556,2008,7.150631477,19.39671688,0.021855777,7.20084721,27.04430919,19.19230769,11.53846154,0,60.34615385,2.192307692,21.21069233,-156.981844
556,2009,14.1331852,7.494106794,97.21644783,0.972753744,12.35333287,21.73219373,4.007122507,0,65.3945869,7.44017094,21.21069233,-156.981844
556,2010,6.341141187,3.622131645,66.06331259,3.516049949,38.4576676,16.30769231,9.307692309,0,62.84615385,9.076923077,21.21069233,-156.981844
556,2011,15.92602526,3.314151595,0,5.18586097,28.84220729,18.96296296,7.999999999,0.074074074,65.85185185,4.814814815,21.21069233,-156.981844
556,2012,15.59846483,10.91170957,0.027776704,1.29276,13.42454126,15,4.461538461,0.692307692,63.30769231,12.84615385,21.21069233,-156.981844
556,2013,22.46438762,28.68269095,3.216946252,9.60127326,130.5878343,16.76923077,6.461538462,0,64.46153846,9.769230769,21.21069233,-156.981844
556,2014,120.2714286,1.995610616,0,0,17.33920815,12.72,2.24,0.16,65.28,17.6,21.21069233,-156.981844
556,2015,15.67345435,9.834018885,0,304.3904765,20.49928752,11.07692308,7.153846154,0,74.84615385,5.769230769,21.21069233,-156.981844
562,2007,7.558664192,21.14552548,17.78156585,11.5055439,23.84209111,14.84615385,15.92307692,0.730769231,62.15384616,2.576923077,21.21460918,-156.9758816
562,2008,64.04764406,24.81475987,1.68754282,66.27047364,23.18434855,11.61538462,16.92307692,0,65.07692308,4.230769231,21.21460918,-156.9758816
562,2011,6.973110203,44.72533999,8.024793302,4.437042009,23.27927176,7.076923077,3.615384615,0.230769231,85.38461538,1.923076923,21.21460918,-156.9758816
563,2006,76.98387917,0.755032137,0,0.544532909,18.87652933,19,3.307692307,0,67.15384615,10.07692308,21.21411293,-156.9658577
563,2007,54.36303619,10.21883697,27.41224488,24.04993114,13.65110704,16.53846154,19.53846154,0,56.46153846,6.769230769,21.21411293,-156.9658577
563,2008,31.85125513,9.501810636,5.738204228,11.5454323,25.15649474,18.15384615,14.53846154,0,55.38461539,7.384615385,21.21411293,-156.9658577
563,2009,20.46974487,6.290154017,33.14478442,15.22895815,38.37787524,19.69230769,2.384615384,0.538461538,67.38461538,8.461538462,21.21411293,-156.9658577
563,2010,28.03047916,21.07691199,33.0316563,15.31019984,40.20264137,16.88461538,13.84615385,0.5,57.84615385,8.884615384,21.21411293,-156.9658577
563,2011,33.47734465,4.336546999,18.3578878,10.14490075,16.51378921,14.15384615,14.46153846,0.076923077,59.69230769,10.69230769,21.21411293,-156.9658577
563,2012,33.8795563,22.79596286,0.721593606,10.1994533,38.18582837,14.76923077,0.76923077,0,73.07692308,5,21.21411293,-156.9658577
563,2013,38.89142931,2.332438866,37.27699312,0,22.79917313,10.30769231,1,0,67.76923077,17.61538462,21.21411293,-156.9658577
563,2014,18.00651638,21.44160875,0,12.23689896,15.42585964,10.30769231,0.692307693,1,56.84615385,29.30769231,21.21411293,-156.9658577
563,2015,19.70075136,16.16279602,34.6887349,587.9062944,37.71595581,13.53846154,4.230769231,0,65.07692308,15.84615385,21.21411293,-156.9658577
564,2006,25.6713301,22.18115829,9.237248193,23.82298339,88.2440846,19.23076923,2.384615384,0.076923077,59.92307692,16.46153846,21.21537808,-156.9689224
564,2007,56.37621844,23.26773121,60.28832297,5.866548014,72.31414498,25.46153847,16.69230769,0,46.76923077,8.846153846,21.21537808,-156.9689224
564,2008,14.95858389,80.26693835,0.95657245,3.516049949,32.54406317,27.69230769,10.76923077,0,43.53846154,9.076923077,21.21537808,-156.9689224
564,2009,33.08599833,18.33978097,59.68743006,3.069514796,85.98782165,20.96153846,2.615384616,0.038461539,64.26923077,10.65384615,21.21537808,-156.9689224
564,2010,67.57515125,13.92548886,30.31046238,10.46778966,74.24386787,22.15384615,9.307692308,0,49.46153846,13.46153846,21.21537808,-156.9689224
564,2011,35.50622674,33.25843737,19.48924142,44.0162797,126.3848479,22,12.76923077,0,52.46153846,11,21.21537808,-156.9689224
564,2012,44.06366878,28.45347717,20.47185805,3.360317397,167.0984189,12.30769231,1.307692308,0,69.38461538,11.53846154,21.21537808,-156.9689224
564,2013,36.6585059,23.99868537,112.6643701,9.094311983,40.62797558,16.38461539,3,0,52.30769231,24.07692308,21.21537808,-156.9689224
564,2014,13.7240446,314.2074609,1.04952422,3.703412645,15.87152318,11.30769231,2,0.846153846,47.69230769,35.84615385,21.21537808,-156.9689224
564,2015,109.0993329,44.348105,77.29488604,15.71464819,44.37103591,13,3.692307693,0,63,18,21.21537808,-156.9689224
565,2006,2.913300042,5.383897575,0,6.011022017,16.36490538,17.84615385,0.923076923,0.769230769,74.84615385,4.923076923,21.21557094,-156.9736969
565,2008,31.7789129,0.573149992,3.923711451,0,7.405756792,11.92307692,3.384615385,0,83.53846154,0.769230769,21.21557094,-156.9736969
565,2011,10.09729031,17.29247695,42.32858558,8.604563736,31.32119116,11.76923077,12.46153846,0.615384615,67.07692308,5.692307692,21.21557094,-156.9736969
570,2000,4.624304161,8.035192308,7.205744467,3.691472282,81.60043684,26.99209235,0,72.55350649,0,0,21.26640725,-157.693185
570,2004,3.018702759,10.58166073,7.331296812,0,243.1896745,10.4,0,0,68,18.4,21.26640725,-157.693185
570,2007,0,5.77130058,4.158921076,0,69.03985558,8.8,0.8,16.8,39.2,24,21.26640725,-157.693185
574,2000,4.653956135,14.72993776,26.04738192,8.221745821,63.06667278,25.77317621,0,73.13479237,0,0,21.26944025,-157.694796
574,2004,7.09774629,18.37274214,17.79459848,3.058146616,38.49831606,30.4,3.085714286,4.685714286,53.6,8,21.26944025,-157.694796
574,2007,2.733465613,20.34879971,19.50600517,3.550033397,31.80282313,36.8,4.685714286,12.45714286,30.4,14.62857143,21.26944025,-157.694796
591,2004,0,2.941217188,7.262534523,1.270679013,8.549937429,14.4,1.6,0,80,3.2,21.27302466,-157.7304345
591,2007,0,3.014681481,0,0,5.255141698,12,9.6,28.8,29.6,12.8,21.27302466,-157.7304345
591,2010,0.985896425,1.03753055,0.059598877,0.192765154,8.612225356,3.746817849,22.87202038,3.094191158,64.85304326,2.74010644,21.27302466,-157.7304345
647,2000,0.164614198,12.07059451,38.71897738,0.291359137,33.91951055,13.45118326,22.17017816,63.76027861,0,0,21.436038,-157.786921
647,2012,0,16.45782884,36.10795488,0,3.296394212,14.21875,3.125,53.95833333,17.13541667,10.83333333,21.436038,-157.786921
647,2013,0,5.698354784,20.51372684,0,0.754540766,17.03125,3.90625,53.75,17.03125,7.65625,21.436038,-157.786921
686,2003,0,0.117423306,0,0,3.140088995,0.8,7.466666667,4.266666667,87.46666667,0,21.62616413,-158.0776755
686,2006,0,2.210734244,0,0,11.38241613,2.133333333,5.333333333,33.06666667,51.2,4.266666667,21.62616413,-158.0776755
686,2007,0,3.533310275,0,0,7.323468013,0.4,14.4,36.8,44.8,2.8,21.62616413,-158.0776755
687,2003,0.119798003,0.252608272,0,0.247127417,1.830124217,7.2,13.2,0,78.8,0.8,21.62829154,-158.0771223
687,2006,0,1.356657944,0.003402238,0,5.866251851,10.2,14.2,17.3,48.8,6.6,21.62829154,-158.0771223
687,2007,0,0.044507452,0,0,1.367575665,9.444444444,8.577777778,20.55555556,52.66666667,6.266666667,21.62829154,-158.0771223
688,2003,0,0.127898017,0.008180553,0,1.477979439,3.6,6,1.2,86,3.2,21.62987242,-158.0787355
688,2006,0,1.42422031,0.028177739,0,9.584351865,6.05,6.801851852,50.65648148,31.55555556,3.175,21.62987242,-158.0787355
688,2007,0.031032556,3.628940779,0.091252735,0,8.231032235,12,8.4,30,42.8,6,21.62987242,-158.0787355
689,2003,6.982392199,10.94894167,0.006665574,0,10.91262188,0,6.8,1.2,50.4,41.2,21.62974024,-158.074456
689,2006,0.578546769,0.855714384,0.010206713,0,7.952317137,6,4.8,5.6,42.8,31.2,21.62974024,-158.074456
689,2007,21.27359698,0.6851926,0,0,7.929746211,3.5,1.9,6.6,53.7,25.7,21.62974024,-158.074456
690,2003,0,1.124383329,0.026662294,0,18.33443369,2.4,28,0,65.6,4,21.63336077,-158.0748822
690,2006,0,0,0.037502541,0,2.2187999,8.8,15.2,12.8,51.2,10.4,21.63336077,-158.0748822
690,2007,0,0,0,0,2.681149488,13.6,18.4,15.2,44,8.8,21.63336077,-158.0748822
691,2003,10.11346859,24.70953096,15.26949385,0,50.96887966,14.4,4.8,27.2,53.6,0,21.63493391,-158.0718575
691,2006,0,2.465557887,0.056355477,0,6.685211867,20,3.2,13.6,48.8,14.4,21.63493391,-158.0718575
691,2007,0,65.18827119,22.71366513,0,5.063121057,6.4,4.8,32.8,47.2,8.8,21.63493391,-158.0718575
692,2003,0,1.582006063,0.023097078,0.010069247,10.31202363,5.066666667,5.6,0.266666667,80.53333333,8.533333333,21.63611329,-158.0703282
692,2006,0,2.953116738,0.096145178,0.519825023,11.33667189,14.13333333,3.466666667,9.333333333,53.6,13.86666667,21.63611329,-158.0703282
692,2007,0.029700553,1.709658767,0.199367784,0.257118477,9.43663292,12.8,6.666666667,8.533333333,47.73333333,18.4,21.63611329,-158.0703282
693,2003,0,12.64451399,0,0,15.31521763,2.4,4.4,2,90.8,0.4,21.63570796,-158.0770172
693,2006,0.036403536,3.913947796,0,0,13.10310651,8.4,13.2,9.9,68,0.5,21.63570796,-158.0770172
693,2007,2.085010334,1.20829453,0.233371396,0.028159406,26.24043972,2,6,38.4,50.8,2.8,21.63570796,-158.0770172
694,2003,0.020595971,28.85258947,3.506306384,0.353449685,28.10718074,4,3.6,5.2,67.6,19.6,21.64214896,-158.0648444
694,2006,0,52.06096806,17.46384946,1.754966273,13.12639584,18.4,3.2,16.8,52,8.8,21.64214896,-158.0648444
694,2007,3.050453637,11.9487969,6.35769805,1.627531797,20.88913257,15.6,0.4,8,58,15.6,21.64214896,-158.0648444
695,2003,0,0.289885738,0,0,4.823669785,7.2,1.6,1.6,83.2,6.4,21.64314722,-158.0672537
695,2006,0.089101658,1.993314556,0.056355477,0,12.1333805,7.2,7.2,16.8,59.2,8,21.64314722,-158.0672537
695,2007,0,2.495278357,2.14873083,0,3.642855589,6.4,1.8,4.4,77.6,9.4,21.64314722,-158.0672537
696,2003,9.930471144,15.49749859,6.026387792,0.682680896,48.98930523,5.866666667,2.4,5.6,69.33333333,16.8,21.64488585,-158.0661079
696,2006,1.561485926,4.330798991,29.37508025,1.347524702,40.62338035,14.13333333,2.066666667,10.4,54.26666667,17.26666667,21.64488585,-158.0661079
696,2007,5.972606296,6.627983669,15.15723548,8.377257414,63.19050518,8.3,1.6,17.61111111,64.42222222,7.522222222,21.64488585,-158.0661079
697,2000,8.628372156,8.90662266,0,0.08064451,19.13408643,11.82323232,0.011111111,87.20368687,0,0,21.646491,-158.0667936
697,2003,1.219739021,51.7908052,7.848393738,2.025452434,49.78040812,8.8,1.6,9.333333333,64.53333333,15.73333333,21.646491,-158.0667936
697,2006,4.165070686,32.14771614,0.222828921,1.969164788,12.69991252,14.4,6.133333333,23.73333333,43.46666667,10.93333333,21.646491,-158.0667936
697,2007,1.551426083,9.625747014,0,2.31265164,15.74853398,10.13333333,10.66666667,12.53333333,58.66666667,7.733333333,21.646491,-158.0667936
697,2010,4.255357223,15.50025074,10.37658565,7.194367798,16.08226225,8.501666667,0.565,5.676666667,72.60166667,12.55333333,21.646491,-158.0667936
698,2000,2.634212792,3.591065524,0.057810582,0,4.47482076,13.22666667,0.133333333,86.57333333,0,0,21.64678252,-158.0647292
698,2003,0,9.558863651,0,0,11.1565965,10.4,4.8,5.6,71.2,8,21.64678252,-158.0647292
698,2006,3.689686518,51.11621025,0.037502541,0,12.04974235,20,0,30.4,38.4,10.4,21.64678252,-158.0647292
698,2007,0,2.193258913,0,0,7.480401073,11.2,3.2,14.4,67.2,4,21.64678252,-158.0647292
698,2010,2.686898255,12.29719394,37.46986911,3.214541392,16.72946301,7.841666667,1.45,6.429166667,61.45,21.99583333,21.64678252,-158.0647292
699,2003,20.17021822,14.57714239,5.215977629,0.463177707,15.56048131,5.92,0.8,6.72,65.76,20.64,21.64827722,-158.0642339
699,2006,8.803880708,18.06483246,21.35259703,0.691824242,19.42261371,16.9047619,0.593015873,16.58857143,38.08507937,25.88571429,21.64827722,-158.0642339
699,2007,13.68981055,1.163376709,20.20207697,0,20.77078408,11.8,13.6,5.2,52.6,16,21.64827722,-158.0642339
699,2010,8.55939002,17.10580583,12.49148393,1.102965084,13.32129004,8.915277778,0.563888889,1.9875,65.35555556,23.09861111,21.64827722,-158.0642339
700,2003,3.224593969,7.955828026,7.945153344,0,22.47693111,10.4,2,8.4,60,19.2,21.649396,-158.0654506
700,2006,2.777476225,9.438588868,26.72775494,0,24.38020055,22.8,7.2,4.8,38,26,21.649396,-158.0654506
700,2007,5.544831261,5.396692265,0.233371396,2.282540201,15.56916246,14.4,5.2,8.8,60,10.4,21.649396,-158.0654506
700,2010,4.202316119,12.73214124,38.09358378,8.925419467,17.33413814,6.030555556,1.92962963,12.1212963,65.34814815,14.06111111,21.649396,-158.0654506
701,2003,13.60086009,12.58898336,10.3609096,0.583929625,19.83237835,8.8,2.8,16.2,62.6,9.4,21.650991,-158.0644338
701,2006,4.282994464,8.143776657,28.65857766,0,16.56656078,24.6,5.6,23.8,38.4,7,21.650991,-158.0644338
701,2007,5.303966765,19.28773611,3.359984653,0.644799293,13.39441292,13.95555556,5.140740741,10.4,56.97777778,11.55555556,21.650991,-158.0644338
701,2010,2.484747425,17.85966965,16.54989135,2.114247404,20.05732453,6.978333333,1.008333333,18.07166667,62.485,11.23,21.650991,-158.0644338
702,2003,20.39926926,21.03612816,9.276178931,1.188098033,17.73378619,18,2.8,13.8,57,8.4,21.652735,-158.06317
702,2006,18.74432563,24.93992338,10.50373547,2.013067721,17.81127366,18.8,2.4,16.8,45.6,14.6,21.652735,-158.06317
702,2007,67.39212754,37.81524873,27.26869971,1.458303745,13.9346751,18.38131868,5.157142857,14.20714286,55.31208791,5.3,21.652735,-158.06317
702,2010,10.06976599,19.84871045,15.0360203,2.355402734,14.01953433,9.090625,2.596875,10.946875,61.60520833,15.625,21.652735,-158.06317
702,2012,0.414717261,30.99062745,0,1.632344551,36.37205593,11.3636364,1.623376599,4.545454518,81.49350655,0.974025939,21.652735,-158.06317
703,2003,0.029324404,0.280596917,0,4.565080403,9.269823778,0,0,100,0,0,21.6541,-158.06391
703,2006,0.029324404,0.280596917,0,4.565080403,9.269823778,10.4,4.8,23.2,57.6,4,21.6541,-158.06391
703,2010,1.035177789,6.167977925,0.105310821,13.93509489,14.82901392,5.75,0.78,11.92166667,78.85333333,2.698333333,21.6541,-158.06391
704,2003,0,4.552093833,0,0,16.6130021,9.6,1.6,1.6,80.8,6.4,21.65563215,-158.0639752
704,2006,0,1.835461433,0,0,15.08023683,27.2,8.8,1.6,50.4,9.6,21.65563215,-158.0639752
704,2007,4.71011949,0.510875143,0.037502541,0,11.02892506,19.87692308,15.84615385,3.2,46.8,14.27692308,21.65563215,-158.0639752
704,2010,0.324111677,6.042311077,20.92251477,1.010097217,10.53645979,11.135,1.001666667,6.231666667,68.45166667,12.84666667,21.65563215,-158.0639752
707,2003,0,0.092952118,0.024745942,0,6.386182129,7.2,10.4,0,79.2,2.4,21.6582175,-158.0609048
707,2006,0,0.272881452,0,0,9.013945166,13.6,5.6,10.4,64.8,4,21.6582175,-158.0609048
707,2007,0,0,0,0,0.600490246,14.4,0.8,4.8,76.8,3.2,21.6582175,-158.0609048
707,2010,4.151259398,1.994841689,15.21555625,17.78677489,11.07301926,4.895238095,0.488095238,13.73095238,74.83809524,5.738095238,21.6582175,-158.0609048
709,2003,0,0.51391199,0.011197047,0,11.27069836,0.533333333,13.33333333,0,84.53333333,1.333333333,21.66119343,-158.057634
709,2006,0,0.966084982,0.012500847,0,5.899225521,4.533333333,4,10.93333333,76,4,21.66119343,-158.057634
709,2007,0,1.120474091,0.012500847,0,4.945405686,2.933333333,1.866666667,6.4,83.2,5.6,21.66119343,-158.057634
709,2010,1.94877469,0.242343263,0,3.674051323,8.401191694,4.9375,0.465277778,7.883333333,79.35972222,7.368055556,21.66119343,-158.057634
711,2003,0.519054318,1.556084603,0,0,5.964160116,10,12.8,3.6,72,0.8,21.66756631,-158.0544796
711,2006,0.031032556,0.528066055,0.280770119,0,12.30226698,26.8,6.4,10.8,52,4,21.66756631,-158.0544796
711,2007,0,4.547155752,0,0,8.825037874,19.8,4.4,18.8,55.4,1.6,21.66756631,-158.0544796
713,2003,1.176341865,9.001429734,3.416295208,5.214264765,7.204926149,8,16,1.6,72,2.4,21.66855395,-158.0526175
713,2006,0.438630423,18.99046045,12.62010828,0,12.57727563,26.8,9.2,20,40.4,2.4,21.66855395,-158.0526175
713,2007,0.020595971,10.20210198,0.454351936,0,6.262451348,17.6,13.2,9.6,56,2.8,21.66855395,-158.0526175
774,1993,0,23.73265129,0.222376239,0.942489911,18.04486649,19.695,34.185,3.29,34,8.845,22.210885,-159.511863
774,1999,0,15.9287471,0,1.388793202,16.24111953,26.9315738,0.221896384,0.804496579,56.4056696,14.37243402,22.210885,-159.511863
774,2000,0,4.683478777,0.130178318,0.781063205,5.303482651,27.95607298,7.545078976,64.38995915,0,0,22.210885,-159.511863
774,2004,2.278387571,28.12466554,0,2.241416451,29.25578629,29.63157895,0.157894737,0,57,12.68421053,22.210885,-159.511863
774,2005,0,11.77043851,0,0.877483137,27.54357044,29.57692308,3.423076923,0,61.65384616,5.115384616,22.210885,-159.511863
775,1993,7.508352663,21.23732606,2.894015835,2.766533534,51.14461754,15.6,10.89,0,41.6,25.69,22.213463,-159.500018
775,1999,3.035911614,112.6118973,0,2.791990217,304.2621499,22.86963835,0.387720774,0,37.35071489,34.92094197,22.213463,-159.500018
775,2004,1.803387236,46.09545127,0.233371396,4.262270739,170.8817629,23.38039215,0.352941177,0,50.52156863,23.41176471,22.213463,-159.500018
775,2005,3.028967758,13.9326525,0,5.460260196,146.6553385,14.57692308,0.307692308,0.038461539,64.73076924,19.80769231,22.213463,-159.500018
776,1993,0,6.161283833,0,1.837104528,12.24243966,18.525,13.78,0.4,29.915,11.82,22.2143065,-159.5015675
776,1999,0,25.80426471,0.401186731,0.238956169,13.04094037,22.55446428,0.116964286,0.202678572,35.76875,9.46875,22.2143065,-159.5015675
776,2004,1.01764029,91.7393488,0,18.90035908,22.76372254,23.24264706,0,0,38.05882353,6.819852941,22.2143065,-159.5015675
776,2005,1.15602468,14.69032695,0,11.51262898,11.99210254,17.92307692,1,0.038461539,51.1923077,7.769230769,22.2143065,-159.5015675
777,1993,0,0,0,0,2.770194033,20.81,26.84666667,0.03,41.24333333,11.08333333,22.217463,-159.513414
777,1999,0,5.789644492,0,2.104699923,14.47803125,17.09211776,1.802469136,0.301044635,29.14624882,50.40550807,22.217463,-159.513414
777,2004,0.866017731,0.986425281,0,23.77284543,12.78996422,25.46783626,1.493177388,2.18128655,63.45224172,7.40545809,22.217463,-159.513414
777,2005,0,0.669467206,0,3.154572428,7.712158863,19.43589744,8.666666667,0.102564103,68.43589744,3.333333333,22.217463,-159.513414
778,1993,24.38905006,13.80446163,18.30515924,0.752415581,44.12650841,5.956666667,22.61,13.45333333,12.77,39.82333333,22.221262,-159.501688
778,1999,56.37056091,17.81639618,7.124931746,1.861326811,35.23794768,5.82984127,3.296103896,0,45.47601732,45.09142857,22.221262,-159.501688
778,2004,19.98858468,18.96823804,10.08512519,14.17944818,20.76875017,7.644880174,5.371732026,0,26.87363834,43.52260349,22.221262,-159.501688
778,2005,13.89740129,18.83325461,30.99480963,0,21.72004723,7.717948718,11.33333333,0,48.71794872,27.28205128,22.221262,-159.501688
781,1993,1.39707471,76.55181607,3.285881801,2.414064724,251.8369632,20.54,19.91,0,41.78,17.07,22.222806,-159.504908
781,1999,0,34.99622056,23.72141104,11.16380757,178.3828765,31.28,0,0,41.52,26.72,22.222806,-159.504908
781,2004,1.90179513,9.572974147,2.880207589,88.47167166,104.5108739,18,1,0,70.55555556,9.888888889,22.222806,-159.504908
781,2005,0,19.96159952,17.71096605,30.18320508,145.7997754,14.23076923,5.307692307,0.076923077,65.15384615,14.69230769,22.222806,-159.504908
784,1993,0,11.86462498,1.165121394,91.07246864,46.24580257,13.63,21.50666667,0.563333333,52.38666667,9.57,22.224397,-159.50456
784,1999,1.629528283,23.2352099,6.778794766,5.539580956,81.38849015,22.3542029,3.16,0,49.21884058,24.37405797,22.224397,-159.50456
784,2004,1.549796882,19.078604,0,25.92802102,87.23006215,23.61220043,0.821350762,0.333333333,69.91285403,4.305010893,22.224397,-159.50456
784,2005,1.215554798,11.51085447,4.418122883,8.380233035,84.0755244,19.05128205,5.256410256,0.102564103,69.76923077,5.41025641,22.224397,-159.50456
787,1993,9.374774408,6.779369258,0,1.884979821,53.39301517,4.27,36,31.64,19.2,8.89,22.224557,-159.499562
787,1999,0,7.408735541,0,0.69181671,110.3706756,4.620689654,1.310344828,14.82758621,63.31034483,15.93103448,22.224557,-159.499562
787,2004,3.257966438,10.79302513,5.243910386,0,113.9280495,3.25,0.125,12.25,81,3.375,22.224557,-159.499562
787,2005,3.474059204,35.7214545,0,0,50.15541231,4.384615386,0.538461538,48.92307693,43.07692308,1.923076923,22.224557,-159.499562
789,2006,8.33799753,56.61477111,14.29168723,0.595720803,21.04381855,15.68627451,0,7.843137255,64.70588236,5.88235294,22.226405,-159.564375
789,2008,6.002462883,14.42974643,0.898127351,1.76619231,8.143289318,28.4,14.4,4,32,13.6,22.226405,-159.564375
789,2013,5.531316397,2.748055088,0.427745296,0.913001462,22.3173128,7.1875,7.8125,0,75.3125,7.1875,22.226405,-159.564375
790,1993,0,6.453369859,0,0,8.609150246,9.89,20.71,15.22666667,41.51,12.65,22.226,-159.498695
790,1999,2.016502871,53.8836456,8.449525431,0,20.88544023,21.21681373,1.034313725,1.0325,45.40558824,30.34044118,22.226,-159.498695
790,2004,0.251529279,44.17280458,8.669656311,6.020899769,34.23431642,13.61013645,0.998050682,3.530214425,77.13840156,4.686159844,22.226,-159.498695
790,2005,3.042908058,25.97163079,12.00114981,2.656506689,32.92122565,15.1025641,3.589743589,1.435897436,73.33333333,5.666666667,22.226,-159.498695
1269,2008,2.89897935,4.826634972,0,1.758317934,19.13072762,45.0500001,7.2,24.4333334,21.3166667,1.2,20.93617626,-156.6934204
1269,2010,8.033162988,9.870943768,0,0.057561738,55.00975822,0,0.5,23.9,75.6,0,20.93617626,-156.6934204
1269,2011,5.120228618,1.057584016,21.86600272,5.389691731,10.73762241,26.35793657,2.285185233,13.50820107,52.05238093,3.6185185,20.93617626,-156.6934204
1269,2013,4.719265993,17.19514375,3.095374824,0.450837372,39.2563654,38.4,2.8,2.53333335,50,5.33333335,20.93617626,-156.6934204
1270,2008,13.00656562,10.57948998,12.55727814,1.421038337,130.5672155,40.400906,2.5990454,23.2584519,27.06280302,6.554610689,20.93750559,-156.6935237
1270,2010,0,0.265358204,0,0,12.28459683,39.9,4.9,1.9,49.3,2.2,20.93750559,-156.6935237
1270,2011,11.20224501,3.295151739,6.658404894,1.538904501,24.96601411,27.57913831,1.889682536,12.42233561,52.39376418,5.162018136,20.93750559,-156.6935237
1270,2013,8.323580201,7.291439232,2.16116771,0.508939903,27.95689415,29.87967036,1.29871795,7.811538463,54.33974361,5.604945063,20.93750559,-156.6935237
1271,2008,0,1.336621709,2.360013041,1.709921519,47.81193675,38.25645035,1.0342137,38.9956255,18.59967853,2.87873785,20.93936157,-156.6935139
1271,2009,32.784494,5.749230535,103.7168225,0,61.21820267,42.8444445,5.2,50.9333333,0.6,0.4222222,20.93936157,-156.6935139
1271,2011,1.661137421,6.104176614,6.46237452,1.148787917,23.50710616,31.78346341,2.074062578,10.79337522,51.28243217,3.515781006,20.93936157,-156.6935139
1271,2013,5.076440443,3.305200106,9.131915031,3.495670696,30.01194064,39.49523814,1.63047621,4.75238097,47.55619048,6.27238095,20.93936157,-156.6935139
1272,2008,12.45125919,36.25301626,12.44727393,0,14.91509028,15.19229565,1.3002701,23.2087522,58.0722852,1.98742625,20.94152043,-156.6930847
1272,2011,4.279718728,22.44365667,15.02309123,0,23.39827964,23.18956045,1.89358975,2.683333325,59.08672163,12.32179488,20.94152043,-156.6930847
1272,2013,4.830287826,7.372738199,19.70437383,0,21.72590714,12.76666665,0.338095275,4.333333325,79.82380953,2.604761925,20.94152043,-156.6930847
1273,2008,0,0.993103483,0,1.596209699,5.337538035,60.7961685,0.2352941,24.89690875,10.82668065,3.24494795,20.94169535,-156.6946113
1273,2011,0,7.452135935,0,0,5.630905178,48.7,3.3,3,36.3,5.8,20.94169535,-156.6946113
1273,2013,2.257171256,4.674170492,13.44928819,0.668973659,19.07109251,35.97714288,0.32,11.78666666,45.66857142,4.64000002,20.94169535,-156.6946113
1276,2008,3.960465451,43.47916104,5.346426361,0.347163616,14.71000293,12.95821777,0.8267307,3.317460333,81.66573177,0.9173336,20.94377768,-156.6933805
1276,2011,0,7.312456256,0.805760325,0,9.770212936,12.7,0.95,6.05,76.85,3.25,20.94377768,-156.6933805
1276,2013,6.878417678,8.319552456,24.50194042,13.73955242,15.23735013,17.8095238,0.0888889,9.155555533,71.8793651,0.8888889,20.94377768,-156.6933805
1277,2008,0,0.718582116,1.15107723,0.13221253,11.13126845,35.30675847,0.809190333,20.38450415,40.58809943,2.889661167,20.94460418,-156.6945444
1277,2011,0.366825831,3.480302536,8.66368981,1.592863011,16.93942664,35.85465611,4.947619067,9.53317868,31.28068377,14.47984127,20.94460418,-156.6945444
1277,2013,0.974160387,6.128180953,9.91921948,3.979214036,30.33926618,39.98119659,1.539682542,4.128571433,42.08522588,11.5970696,20.94460418,-156.6945444
1278,2008,1.087117256,229.7742191,9.896838641,0.856068503,25.30228221,43.28576753,0.801445563,15.18575726,35.4383115,5.288718113,20.94620809,-156.6943665
1278,2011,0,1.240135946,0,0,8.662558984,44.8296704,0.45,5.59285715,44.30201465,4.01593405,20.94620809,-156.6943665
1278,2012,1.758189059,21.83011727,5.670862686,8.944837848,154.7342614,30.2666666,0.2857143,9.0857143,47.9619048,11.8666667,20.94620809,-156.6943665
1278,2013,3.753196842,11.32199873,5.108220824,0.444426872,17.7785635,37.6486773,0.237037044,13.77777779,41.02645506,6.800000011,20.94620809,-156.6943665
1279,2008,1.758189059,6.723349379,14.95466013,8.852497764,37.32663504,42.8412199,1.18820865,24.63717153,14.96538617,16.36801388,20.94885492,-156.6944427
1279,2010,0,1.515979104,37.16317301,0.79327518,83.6629904,53,3.6,11.4,29.6,2.4,20.94885492,-156.6944427
1279,2011,2.292204382,3.99104267,15.42588995,1.152780957,25.18386993,38.16431628,6.247619058,3.666666675,32.86108059,17.725,20.94885492,-156.6944427
1279,2013,37.22226047,7.237651604,33.47427391,4.926104403,36.34496172,36.73277313,2.067226894,5.648179276,39.76097106,15.32287583,20.94885492,-156.6944427